Isolate_ID,Consensus,LIMS_Status,LIMS_Reason,LIMS_SerotypeID,LIMS_Subgenus,LIMS_Serogroup,LIMS_Variant,LIMS_Vaccine,#Reads_raw,#Reads_filtered,GC%,KmerID,Contam_Flag,MOST,MOST_Light,MOST_ST,eBG,MLST,MLST_meanCov,SeqSero,SeqSero_comment,N50,sistr_Serogroup,sistr_Serovar,serovar_antigen,serovar_cgmlst,vaccine,mono,sseJ,ReadLenRange,#Contigs,#Contigs>25Kbp,#Contigs>50Kbp,AssemblySize,AssemblyGC,L50,Unnamed: 30
L00699-14,"2-IV 50:g,z51:---1-Wassenaar",CheckRequired,Check Serovar,"50:g,z51:- ",IV,          ,,,2209894,2209894,50,41.55-salmonella--5.75-citrobacter,Off,Wassenaar,GREEN,2197,No ebg,"470,28,31,151,22,29,30",92.76,"IV 50:g,z51:-",,172457,Z,"IV 50:g,z51:-","IV 50:g,z51:-","IV 50:g,z51:e,n,[x],z15",NA,NA,NA,31-125,77,37,27,4880518,51.45,8.0,
L00178-15,"2-IV 43:z4,z23:---1-No Type",CheckRequired,Check Serovar,"43:z4,z23:- ",I,U,,,2495800,2495800,51,41.4-salmonella--5.73-citrobacter,Off,no type,GREEN,NOVEL allele. Closest ST:958(SLV),No ebg,"128,119,100,27,*22,129,30",119.58,"IV 43:z4,z23:-",,348624,U,"IV 43:z4,z23:-","IV 43:z4,z23:-","IV 43:z4,z23:-",NA,NA,NA,31-125,48,21,18,4715627,51.72,5.0,
L00607-13,"2-II 58:l,z13,z28:z6--1-Unnamed",CheckRequired,Check Serovar,"58:l,z13,z28:z6 ",II,58,,,1654539,1654539,51,51.04-salmonella--6.11-citrobacter,Off,Unnamed,GREEN,781,No ebg,"229,176,27,258,18,213,25",68.34,"II 58:l,z13,z28:z6",,178080,O:58,"II 58:l,z13,z28:z6","II 58:l,z13,z28:z6","II 58:l,z13,z28:z6",NA,NA,NA,15-151,91,40,30,5247259,51.84,10.0,
L00698-14,"2-IIIa 41:z4,z23:---1-Arizonae",CheckRequired,Check Serovar,"41:z4,z23:- ",IIIa,S,,,3146004,3146004,51,92.09-salmonella--5.67-citrobacter,Off,Arizonae,GREEN,2127,No ebg,"65,25,29,82,20,50,51",158.34,"IIIa 41:z4,z23:-",,181289,S,"IIIa 41:z4,z23:-","IIIa 41:z4,z23:-","IIIa 41:z4,z23:-",NA,NA,NA,31-125,67,34,28,4591234,51.47,7.0,
P01226-20,"1-I 1,4,[5],12:b:---1-Paratyphi--1-I 4:b:-",Pass,,Paratyphi B Variant Java,I,B,Monophasic Java,,2326582,2326582,52,81.87-salmonella--6.05-citrobacter,Off,Paratyphi,AMBER,*42,No ebg,"20,4,23,14,16,19,18",125.04,I 4:b:-,This predicted serotype is not in the Kauffman-White scheme. The SNP in gene STM3356 that is associated with the d-Tartrate nonfermenting phenotype characteristic of the typhoidal pathotype was not detected.,262698,B,"I 1,4,[5],12:b:-","I 1,4,[5],12:b:-",Paratyphi B var. Java,NA,NA,Java,31-151,47,28,22,4648599,52.19,6.0,
L00490-14,"2-IV 50:g,z51:---1-Wassenaar",CheckRequired,Check Serovar,"50:g,z51:- ",IV,          ,,,3231960,3231960,51,41.35-salmonella--5.74-citrobacter,Off,Wassenaar,GREEN,2197,No ebg,"470,28,31,151,22,29,30",137.52,"IV 50:g,z51:-",,139801,Z,"IV 50:g,z51:-","IV 50:g,z51:-","IV 50:g,z51:-",NA,NA,NA,31-125,80,38,30,4857434,51.51,10.0,
P02265-21,"2-Paratyphi--1-I 1,4,[5],12:b:-",Pass,,Paratyphi B Variant Java,I,B,Monophasic Java,,3304671,3304671,52,81.85-salmonella--6.07-citrobacter,Off,Paratyphi,GREEN,42,No ebg,"20,4,23,14,16,19,18",191.03,Paratyphi B var. L(+) tartrate+,The SNP in gene STM3356 that is associated with the d-Tartrate nonfermenting phenotype characteristic of the typhoidal pathotype was not detected.,262404,B,"I 1,4,[5],12:b:-","I 1,4,[5],12:b:-",Paratyphi B var. Java,NA,NA,Java,15-151,46,26,22,4643720,52.22,5.0,
S00564-19,3-Kedougou,Pass,,Kedougou,I,G,,,1288666,1288666,50,79.17-salmonella--6.02-citrobacter,Off,Kedougou,AMBER,*1543,No ebg,"417,4,15,262,95,9,141",25.52,Kedougou,,432049,G,Kedougou,Kedougou,Kedougou,NA,NA,NA,31-151,42,19,16,4753199,52.05,5.0,
L00130-19,"1-No Type--1-II 1,40:g,[m],[s],[t]:e,n,x|II 40:l,v:e,n,x|II 40:l,z28:e,n,x|II 40:m,t:e,n,x|II 40:z10:e,n,x--1-II 40:c:e,n,x",CheckRequired,Check Serovar,no_consensus,undetermined,undetermined,,,618712,618712,51,44.47-salmonella--6.0-citrobacter,Off,no type,GREEN,NOVEL allele. cannot determine closest ST (SLV),No ebg,"247,225,166,304,270,251,*244",27.44,"II 40:c:e,n,x",This predicted serotype is not in the Kauffman-White scheme.,146914,R,"II 1,40:g,[m],[s],[t]:e,n,x|II 40:l,v:e,n,x|II 40:l,z28:e,n,x|II 40:m,t:e,n,x|II 40:z10:e,n,x","II 1,40:g,[m],[s],[t]:e,n,x|II 40:l,v:e,n,x|II 40:l,z28:e,n,x|II 40:m,t:e,n,x|II 40:z10:e,n,x",II 55:k:z39,NA,NA,NA,31-151,75,40,25,4808321,51.68,9.0,
P01227-20,"1-I 1,4,[5],12:b:---1-Paratyphi--1-I 4:b:-",Pass,,Paratyphi B Variant Java,I,B,Monophasic Java,,2237604,2237604,52,81.86-salmonella--6.05-citrobacter,Off,Paratyphi,AMBER,*42,No ebg,"20,4,23,14,16,19,18",117.69,I 4:b:-,This predicted serotype is not in the Kauffman-White scheme. The SNP in gene STM3356 that is associated with the d-Tartrate nonfermenting phenotype characteristic of the typhoidal pathotype was not detected.,262529,B,"I 1,4,[5],12:b:-","I 1,4,[5],12:b:-",Paratyphi B var. Java,NA,NA,Java,31-151,50,29,22,4651650,52.19,7.0,
P01883-21,"1-I 1,4,[5],12:b:---1-Paratyphi--1-I 4:b:-",Pass,,Paratyphi B Variant Java,I,B,Monophasic Java,,2859824,2859824,52,81.85-salmonella--6.08-citrobacter,Off,Paratyphi,AMBER,*42,No ebg,"20,4,23,14,16,19,18",179.68,I 4:b:-,This predicted serotype is not in the Kauffman-White scheme. The SNP in gene STM3356 that is associated with the d-Tartrate nonfermenting phenotype characteristic of the typhoidal pathotype was not detected.,173282,B,"I 1,4,[5],12:b:-","I 1,4,[5],12:b:-",Paratyphi B var. Java,NA,NA,Java,15-151,56,35,24,4645880,52.21,8.0,
L00823-06,3-Idikan,Pass,,Idikan,I,G,,,2301165,2301165,51,79.33-salmonella--6.16-citrobacter,Off,Idikan,GREEN,1891,No ebg,"152,14,344,551,89,313,2",129.69,Idikan,,519601,G,Idikan,Idikan,Idikan,NA,NA,NA,31-125,45,19,15,4707103,52.27,4.0,
L00752-15,"1-No Type--1-IIIb Y:z4,z24:---1-IIIb 48:z4,z24:-",CheckRequired,Check Serovar,no_consensus,IIIb,undetermined,,,3462104,3462104,51,43.04-salmonella--6.39-citrobacter,Off,no type,GREEN,Novel ST. Closest ST:999 (SLV),No ebg,"145,229,30,282,21,508,28",171.83,"IIIb 48:z4,z24:-",,391437,Y,"IIIb Y:z4,z24:-","IIIb Y:z4,z24:-","IIIb Y:z4,z24:-",NA,NA,NA,31-125,51,21,16,4831874,51.38,5.0,
L00426-09,3-Idikan,Pass,,Idikan,I,G,,,2810068,2810068,51,79.33-salmonella--6.04-citrobacter,Off,Idikan,GREEN,1891,No ebg,"152,14,344,551,89,313,2",144.72,Idikan,,519874,G,Idikan,Idikan,Idikan,NA,NA,NA,31-125,43,20,15,4658104,52.22,4.0,
L00743-20,"1-I 1,4,[5],12:b:---1-Paratyphi--1-I 4:b:-",Pass,,Paratyphi B Variant Java,I,B,Monophasic Java,,861954,861954,52,81.79-salmonella--6.02-citrobacter,Off,Paratyphi,AMBER,*42,No ebg,"20,4,23,14,16,19,18",40.22,I 4:b:-,This predicted serotype is not in the Kauffman-White scheme. The SNP in gene STM3356 that is associated with the d-Tartrate nonfermenting phenotype characteristic of the typhoidal pathotype was not detected.,190595,B,"I 1,4,[5],12:b:-","I 1,4,[5],12:b:-",Paratyphi B var. Java,NA,NA,Java,33-151,49,31,23,4641542,52.22,7.0,
L01736-14,3-Idikan,Pass,,Idikan,I,G,,,2319187,2319187,51,79.33-salmonella--6.04-citrobacter,Off,Idikan,GREEN,1891,No ebg,"152,14,344,551,89,313,2",115.65,Idikan,,519646,G,Idikan,Idikan,Idikan,NA,NA,NA,31-125,38,18,15,4682192,52.22,4.0,
L00286-15,"2-IV 50:g,z51:---1-Wassenaar",CheckRequired,Check Serovar,"50:g,z51:- ",IV,          ,,,1781818,1781818,51,41.42-salmonella--5.79-citrobacter,Off,Wassenaar,GREEN,2197,No ebg,"470,28,31,151,22,29,30",82.8,"IV 50:g,z51:-",,159597,Z,"IV 50:g,z51:-","IV 50:g,z51:-","IV 50:g,z51:-",NA,NA,NA,31-125,83,36,30,4879995,51.57,9.0,
L00680-13,3-Idikan,Pass,,Idikan,I,G,,,2212682,2212682,51,79.34-salmonella--6.04-citrobacter,Off,Idikan,GREEN,1891,No ebg,"152,14,344,551,89,313,2",113.02,Idikan,,519846,G,Idikan,Idikan,Idikan,NA,NA,NA,31-125,44,19,16,4660914,52.22,4.0,
S01591-21,1-Paratyphi--1-Derby|Agona|Essen|Budapest--1-I 21:b:-,CheckRequired,Check Serovar,no_consensus,undetermined,undetermined,,,2999955,2999955,52,84.79-salmonella--6.97-citrobacter,Off,Paratyphi,AMBER,*42,No ebg,"20,4,23,14,16,19,18",194.1,I 21:b:-,"This predicted serotype is not in the Kauffman-White scheme. Co-existence of multiple serotypes detected, indicating potential inter-serotype contamination. See 'Extracted_antigen_alleles.fasta' for detected serotype determinant alleles.",140107,B,Derby|Agona|Essen|Budapest,Derby|Agona|Essen|Budapest,Paratyphi B var. Java,NA,NA,Java,15-151,362,39,30,5532107,51.56,12.0,
L00428-15,"1-Unnamed--1-IV 57:z4,z23:---1-IV 44:z4,z23:-",CheckRequired,Check Serovar,no_consensus,undetermined,undetermined,,,1006103,1006103,51,41.4-salmonella--5.74-citrobacter,Off,Unnamed,GREEN,433,No ebg,"30,28,31,27,22,29,30",43.26,"IV 44:z4,z23:-",,227512,O:57,"IV 57:z4,z23:-","IV 57:z4,z23:-","IV 57:z4,z23:-",NA,NA,NA,22-151,55,28,20,4649933,51.69,8.0,
L00727-14,2-IIIb 50:k:z--1-Arizonae,CheckRequired,Check Serovar,50:k:z ,IIIb,Z,,,1582729,1582729,50,43.36-salmonella--6.39-citrobacter,Off,Arizonae,GREEN,430,No ebg,"145,26,30,144,21,145,28",62.23,IIIb 50:k:z,,266025,Z,IIIb 50:k:z,IIIb 50:k:z,IIIb 50:k:z,NA,NA,NA,15-151,55,27,21,4779466,51.42,7.0,
L00800-17,3-Cerro,Pass,,Cerro,I,K,,,793109,793109,51,76.06-salmonella--6.01-citrobacter,Off,Cerro,AMBER,*541,No ebg,"14,162,43,123,118,115,120",41.6,Cerro,,388875,K,Cerro,Cerro,Cerro,NA,NA,NA,31-151,39,23,16,4515298,52.32,5.0,
S01406-19,3-Idikan,Pass,,Idikan,I,G,,,651139,651139,49,78.66-salmonella--6.0-citrobacter,Off,Idikan,AMBER,*1891,No ebg,"152,14,344,551,89,313,2",18.75,Idikan,,98030,G,Idikan,Idikan,Idikan,NA,NA,NA,32-151,115,49,31,4664895,52.2,14.0,
S00134-19,3-Kedougou,Pass,,Kedougou,I,G,,,956671,956671,52,78.79-salmonella--6.07-citrobacter,Off,Kedougou,AMBER,*1543,No ebg,"417,4,15,262,95,9,141",22.47,Kedougou,,322312,G,Kedougou,Kedougou,Kedougou,NA,NA,NA,31-151,59,29,20,4799155,52.06,5.0,
L00732-15,3-Idikan,Pass,,Idikan,I,G,,,3063769,3063769,51,79.33-salmonella--6.04-citrobacter,Off,Idikan,GREEN,1891,No ebg,"152,14,344,551,89,313,2",152.43,Idikan,,401347,G,Idikan,Idikan,Idikan,NA,NA,NA,31-125,39,19,15,4652799,52.23,5.0,
L00519-19,"1-Minnesota--1-IIIb 6,14:z10:z--1-IIIb (6),14:z10:z",CheckRequired,Check Serovar,no_consensus,IIIb,undetermined,,,2818273,2818273,49,43.39-salmonella--6.42-citrobacter,Off,Minnesota,GREEN,645,No ebg,"29,26,30,26,21,87,28",111.48,"IIIb (6),14:z10:z",,259783,H,"IIIb 6,14:z10:z","IIIb (6),14:z10:z:[z56],[z90]|IIIb 6,14:z10:z","IIIb 6,14:z10:z",NA,NA,NA,15-151,111,33,28,5373428,51.04,9.0,
L03226-16,3-Kedougou,Pass,,Kedougou,I,G,,,2168286,2168286,52,79.27-salmonella--6.15-citrobacter,Off,Kedougou,GREEN,1543,No ebg,"417,4,15,262,95,9,141",89.64,Kedougou,,456637,G,Kedougou,Kedougou,Kedougou,NA,NA,NA,15-151,39,18,15,4761217,52.08,4.0,
L00607-19,"1-IIIb 38:l,v:[z53]:[z54]|IIIb 38:l,v:z53--1-Arizonae--1-IIIb 38:l,v:[z53]",Pass,,no_consensus,IIIb,undetermined,,,891588,891588,50,42.93-salmonella--6.47-citrobacter,Off,Arizonae,AMBER,*644,No ebg,"33,26,30,55,21,145,28",33.93,"IIIb 38:l,v:[z53]",,100784,P,"IIIb 38:l,v:[z53]:[z54]|IIIb 38:l,v:z53","IIIb 38:l,v:[z53]:[z54]|IIIb 38:l,v:z53","IIIb 6,7:l,v:z53",NA,NA,NA,31-151,246,51,33,5881624,51.08,16.0,
L00796-15,"1-Unnamed--1-IV 57:z4,z23:---1-IV 44:z4,z23:-",CheckRequired,Check Serovar,no_consensus,undetermined,undetermined,,,2634119,2634119,51,41.43-salmonella--5.74-citrobacter,Off,Unnamed,GREEN,433,No ebg,"30,28,31,27,22,29,30",133.87,"IV 44:z4,z23:-",,251145,O:57,"IV 57:z4,z23:-","IV 57:z4,z23:-","IV 57:z4,z23:-",NA,NA,NA,31-125,51,24,21,4619170,51.68,8.0,
L00083-13,3-Kedougou,Pass,,Kedougou,I,G,,,2974495,2974495,51,79.27-salmonella--6.17-citrobacter,Off,Kedougou,GREEN,1543,No ebg,"417,4,15,262,95,9,141",146.6,Kedougou,,538101,G,Kedougou,Kedougou,Kedougou,NA,NA,NA,31-125,38,16,13,4860059,52.05,4.0,
L00019-19,2-II 58:c:z6--1-No Type,CheckRequired,Check Serovar,58:c:z6 ,II,58,,,1023315,1023315,52,50.78-salmonella--6.06-citrobacter,Off,no type,AMBER,*1084,No ebg,"229,77,27,22,18,24,169",50.03,II 58:c:z6,,241568,O:58,II 58:c:z6,II 58:c:z6,II 58:a:z6,NA,NA,NA,31-151,61,30,24,4992976,51.83,8.0,
L00684-14,"1-Unnamed--1-IV 57:z4,z23:---1-IV 44:z4,z23:-",CheckRequired,Check Serovar,no_consensus,undetermined,undetermined,,,3000000,3000000,51,41.93-salmonella--5.76-citrobacter,Off,Unnamed,GREEN,433,No ebg,"30,28,31,27,22,29,30",141.92,"IV 44:z4,z23:-",,265735,O:57,"IV 57:z4,z23:-","IV 57:z4,z23:-","IV 57:z4,z23:-",NA,NA,NA,31-125,64,27,23,4788519,51.64,8.0,
S05419-06,3-Idikan,Pass,,Idikan,I,G,,,2322220,2322220,51,79.35-salmonella--6.04-citrobacter,Off,Idikan,GREEN,1891,No ebg,"152,14,344,551,89,313,2",119.74,Idikan,,519601,G,Idikan,Idikan,Idikan,NA,NA,NA,31-125,42,17,14,4666382,52.2,4.0,
P01953-21,"1-I 1,4,[5],12:b:---1-Paratyphi--1-I 4:b:-",Pass,,Paratyphi B Variant Java,I,B,Monophasic Java,,2375605,2375605,52,81.86-salmonella--6.11-citrobacter,Off,Paratyphi,AMBER,*42,No ebg,"20,4,23,14,16,19,18",148.98,I 4:b:-,This predicted serotype is not in the Kauffman-White scheme. The SNP in gene STM3356 that is associated with the d-Tartrate nonfermenting phenotype characteristic of the typhoidal pathotype was not detected.,187580,B,"I 1,4,[5],12:b:-","I 1,4,[5],12:b:-",Paratyphi B var. Java,NA,NA,Java,15-151,57,36,27,4652140,52.2,8.0,
S00173-14,3-Kedougou,Pass,,Kedougou,I,G,,,3000000,3000000,51,79.28-salmonella--6.18-citrobacter,Off,Kedougou,GREEN,1543,No ebg,"417,4,15,262,95,9,141",150.39,Kedougou,,711185,G,Kedougou,Kedougou,Kedougou,NA,NA,NA,31-125,30,14,11,4802984,52.06,3.0,
L00862-15,3-Idikan,Pass,,Idikan,I,G,,,2873458,2873458,51,79.33-salmonella--6.04-citrobacter,Off,Idikan,GREEN,1891,No ebg,"152,14,344,551,89,313,2",142.49,Idikan,,498318,G,Idikan,Idikan,Idikan,NA,NA,NA,31-125,35,15,12,4681070,52.22,4.0,
S00087-19,3-Kedougou,Pass,,Kedougou,I,G,,,722736,722736,51,78.61-salmonella--6.04-citrobacter,Off,Kedougou,AMBER,*1543,No ebg,"417,4,15,262,95,9,141",17.34,Kedougou,,271659,G,Kedougou,Kedougou,Kedougou,NA,NA,NA,35-151,58,29,20,4792198,52.06,6.0,
P00686-20,"1-I 1,4,[5],12:b:---1-Paratyphi--1-I 4:b:-",Pass,,Paratyphi B Variant Java,I,B,Monophasic Java,,1730149,1730149,52,81.8-salmonella--6.03-citrobacter,Off,Paratyphi,AMBER,*42,No ebg,"20,4,23,14,16,19,18",100.83,I 4:b:-,This predicted serotype is not in the Kauffman-White scheme. The SNP in gene STM3356 that is associated with the d-Tartrate nonfermenting phenotype characteristic of the typhoidal pathotype was not detected.,211759,B,"I 1,4,[5],12:b:-","I 1,4,[5],12:b:-",Paratyphi B var. Java,NA,NA,Java,31-151,54,31,23,4643038,52.23,7.0,
L00895-14,3-Kedougou,Pass,,Kedougou,I,G,,,847713,847713,51,79.23-salmonella--6.02-citrobacter,Off,Kedougou,GREEN,1543,No ebg,"417,4,15,262,95,9,141",44.26,Kedougou,,549237,G,Kedougou,Kedougou,Kedougou,NA,NA,NA,17-151,36,18,15,4803860,52.03,4.0,
L00342-16,"1-IIIb 61:k:1,5,(7)--1-Arizonae--1-IIIb O:61:k:1,5,7",Pass,,"61:k:1,5,7",IIIb,61,,,1925357,1925357,51,43.22-salmonella--6.42-citrobacter,Off,Arizonae,GREEN,432,No ebg,"88,26,30,55,21,68,80",109.04,"IIIb 61:k:1,5,(7)",,267731,O:61,"IIIb O:61:k:1,5,7","IIIb O:61:k:1,5,7","IIIb 61:k:1,5,7",NA,NA,NA,15-151,55,30,25,4788302,51.36,8.0,
L00351-11,"2-II 58:l,z13,z28:z6--1-Unnamed",CheckRequired,Check Serovar,"58:l,z13,z28:z6 ",II,58,,,541149,541149,50,50.83-salmonella--6.06-citrobacter,Off,Unnamed,AMBER,*781,No ebg,"229,176,27,258,18,213,25",23.15,"II 58:l,z13,z28:z6",,211259,O:58,"II 58:l,z13,z28:z6","II 58:l,z13,z28:z6","II 58:l,z13,z28:z6",NA,NA,NA,16-151,78,33,23,5116688,51.75,7.0,
L00268-14,"2-II 58:l,z13,z28:z6--1-Unnamed",CheckRequired,Check Serovar,"58:l,z13,z28:z6 ",II,58,,,1200229,1200229,51,51.02-salmonella--6.11-citrobacter,Off,Unnamed,AMBER,*781,No ebg,"229,176,27,258,18,213,25",26.52,"II 58:l,z13,z28:z6",,207631,O:58,"II 58:l,z13,z28:z6","II 58:l,z13,z28:z6","II 58:l,z13,z28:z6",NA,NA,NA,25-151,91,34,25,5273942,51.82,7.0,
L00093-12,"1-Unnamed--1-IV 57:z4,z23:---1-IV 44:z4,z23:-",CheckRequired,Check Serovar,no_consensus,undetermined,undetermined,,,668562,668562,50,41.52-salmonella--5.75-citrobacter,Off,Unnamed,AMBER,*433,No ebg,"30,28,31,27,22,29,30",26.74,"IV 44:z4,z23:-",,209545,O:57,"IV 57:z4,z23:-","IV 57:z4,z23:-","IV 57:z4,z23:-",NA,NA,NA,24-151,79,37,25,4944687,51.6,8.0,
L00761-14,"1-Unnamed--1-IV 57:z4,z23:---1-IV 44:z4,z23:-",CheckRequired,Check Serovar,no_consensus,undetermined,undetermined,,,2740185,2740185,51,41.94-salmonella--5.76-citrobacter,Off,Unnamed,GREEN,433,No ebg,"30,28,31,27,22,29,30",129.36,"IV 44:z4,z23:-",,304564,O:57,"IV 57:z4,z23:-","IV 57:z4,z23:-","IV 57:z4,z23:-",NA,NA,NA,31-125,60,26,22,4788682,51.64,7.0,
S03090-13,2-Gallinarum--1-No Type,Pass,,Gallinarum ,I,D1,,NOT VACCINE STRAIN,1070850,1044254,52,99.04-salmonella--5.98-citrobacter,Off,no type,GREEN,2151,No ebg,"5,2,361,7,31,41,11",36.33,Gallinarum or Enteritidis,"sdf gene not detected. The predicted serotypes share the same general formula: 9:g,m:-.",416391,D1,Gallinarum,Nitra|Gallinarum|Pullorum|Berta|Enteritidis|Blegdam|Gueuletapee|Naestved|Rostock|Hillingdon,Gallinarum,srst2 result file not found,NA,NA,19-151,32,19,14,4708652,52.17,4.0,
L01018-14,"2-IV 50:g,z51:---1-Wassenaar",CheckRequired,Check Serovar,"50:g,z51:- ",IV,          ,,,830103,802875,51,41.4-salmonella--5.79-citrobacter,Off,Wassenaar,AMBER,*2197,No ebg,"470,28,31,151,22,29,30",33.21,"IV 50:g,z51:-",,165581,Z,"IV 50:g,z51:-","IV 50:g,z51:-","IV 50:g,z51:-",NA,NA,NA,24-151,84,39,30,4879245,51.57,10.0,
L01669-17,"2-IIIb 18:l,v:z--1-Arizonae",CheckRequired,Check Serovar,"18:l,v:z ",IIIb,K,,,1719301,1671536,51,43.29-salmonella--6.43-citrobacter,Off,Arizonae,GREEN,1262,No ebg,"33,26,30,144,21,87,264",85.53,"IIIb 18:l,v:z",,283999,K,"IIIb 18:l,v:z","IIIb 18:l,v:z","IIIb 65:l,v:z",NA,NA,NA,18-151,64,27,25,5198669,51.22,7.0,
L00851-17,"2-IIIa 44:z4,z23:---1-Arizonae",CheckRequired,Check Serovar,"4:z4,z23:-",IIIa,V,,,1248477,1213087,50,84.71-salmonella--5.64-citrobacter,Off,Arizonae,GREEN,2568,No ebg,"557,24,29,83,20,26,27",64.15,"IIIa 44:z4,z23:-",,188643,V,"IIIa 44:z4,z23:-","IIIa 44:z4,z23:-","IIIa 44:z4,z23:-",NA,NA,NA,18-151,68,32,26,4691661,51.35,8.0,
L01507-14,"1-IIIb J:z35:z35--1-No Type--1-IIIb 17:l,v:z35",CheckRequired,Check Serovar,no_consensus,IIIb,undetermined,,,3287484,3165614,50,42.78-salmonella--6.62-citrobacter,Off,no type,GREEN,2781,No ebg,"33,26,30,460,21,542,134",125.25,"IIIb 17:l,v:z35",,204434,J,IIIb J:z35:z35,IIIb J:z35:z35,IIIb 17:z35:-,NA,NA,NA,31-125,159,40,31,5948075,51.08,9.0,
S03661-03,2-Gallinarum--1-Pullorum,Pass,,Pullorum,I,D1,Variant Pullorum,,1503630,1464591,51,98.93-salmonella--5.99-citrobacter,Off,Pullorum,GREEN,2453,No ebg,"5,2,3,654,31,41,11",61.43,Gallinarum or Enteritidis,"sdf gene not detected. The predicted serotypes share the same general formula: 9:g,m:-.",471491,D1,Gallinarum,Nitra|Gallinarum|Pullorum|Berta|Enteritidis|Blegdam|Gueuletapee|Naestved|Rostock|Hillingdon,Gallinarum,2-Pullorum,NA,NA,18-151,45,20,11,4782522,52.19,3.0,
L00996-15,"2-IIIb 35:r:e,n,x,z15--1-No Type",CheckRequired,Check Serovar,"35:r:e,n,x,z15 ",IIIb,undetermined,,,3238268,3107195,50,43.25-salmonella--6.44-citrobacter,Off,no type,GREEN,NOVEL allele. Closest ST:1006(SLV),No ebg,"145,26,30,55,21,87,*28",117.36,"IIIb 35:r:e,n,x,z15",,267296,O,"IIIb 35:r:e,n,x,z15","IIIb 35:r:e,n,x,z15","IIIb 35:r:e,n,x,z15",NA,NA,NA,31-125,83,30,25,5707776,51.2,7.0,
L01493-15,"2-IIIa 41:z4,z23:---1-No Type",CheckRequired,Check Serovar,"41:z4,z23:- ",IIIa,S,,,2286433,2201810,51,84.48-salmonella--5.63-citrobacter,Off,no type,GREEN,870,No ebg,"26,24,28,24,20,25,27",123.51,"IIIa 41:z4,z23:-",,149836,S,"IIIa 41:z4,z23:-","IIIa 41:z4,z23:-","IIIa 41:z4,z23:-",NA,NA,NA,31-125,65,33,28,4477774,51.49,8.0,
S01702-15,2-Gallinarum--1-No Type,Inconclusive,PoorAssembly: MLSTcov<30x,Gallinarum ,I,D1,,NOT VACCINE STRAIN,711881,691524,51,98.35-salmonella--5.94-citrobacter,Off,no type,AMBER,*NOVEL allele. Closest ST:2151(SLV),No ebg,"5,2,361,7,*31,41,11",18.79,Gallinarum or Enteritidis,"sdf gene not detected. The predicted serotypes share the same general formula: 9:g,m:-.",404937,D1,Gallinarum,Nitra|Gallinarum|Pullorum|Berta|Enteritidis|Blegdam|Gueuletapee|Naestved|Rostock|Hillingdon,Gallinarum,srst2 result file not found,NA,NA,21-151,42,25,16,4704414,52.16,4.0,
L02156-16,"2-IIIb 18:l,v:z--1-Arizonae",CheckRequired,Check Serovar,"18:l,v:z ",IIIb,K,,,693309,668873,50,43.27-salmonella--6.42-citrobacter,Off,Arizonae,GREEN,1262,No ebg,"33,26,30,144,21,87,264",31.12,"IIIb 18:l,v:z",,283999,K,"IIIb 18:l,v:z","IIIb 18:l,v:z","IIIb 65:l,v:z",NA,NA,NA,15-151,63,29,25,5191354,51.2,8.0,
L03575-18,"1-Arizonae--1-IIIb 38:l,v:[z53]:[z54]|IIIb 38:l,v:z53--1-IIIb 38:l,v:[z53]",Pass,,no_consensus,IIIb,undetermined,,,976264,973868,50,43.82-salmonella--6.56-citrobacter,Off,Arizonae,AMBER,*644,No ebg,"33,26,30,55,21,145,28",39.64,"IIIb 38:l,v:[z53]",,212107,P,"IIIb 38:l,v:[z53]:[z54]|IIIb 38:l,v:z53","IIIb 38:l,v:[z53]:[z54]|IIIb 38:l,v:z53","IIIb 6,7:l,v:z53",NA,NA,NA,31-151,83,32,25,4780464,51.46,8.0,
S02083-05,2-Gallinarum--1-No Type,Inconclusive,PoorAssembly: MLSTcov<30x,Gallinarum ,I,D1,,NOT VACCINE STRAIN,1410567,1379950,51,98.51-salmonella--5.96-citrobacter,Off,no type,GREEN,NOVEL allele. Closest ST:92(SLV),No ebg,"5,2,3,7,31,41,*11",26.34,Gallinarum or Enteritidis,"sdf gene not detected. The predicted serotypes share the same general formula: 9:g,m:-.",438621,D1,Gallinarum,Nitra|Gallinarum|Pullorum|Berta|Enteritidis|Blegdam|Gueuletapee|Naestved|Rostock|Hillingdon,Gallinarum,srst2 result file not found,NA,NA,19-151,30,20,15,4734945,52.16,4.0,
L02475-16,"1-IIIb O:61:k:1,5,7--1-Arizonae--1-IIIb 61:k:1,5,(7)",Pass,,"61:k:1,5,7",IIIb,61,,,2877636,2812948,50,43.21-salmonella--6.42-citrobacter,Off,Arizonae,GREEN,432,No ebg,"88,26,30,55,21,68,80",147.27,"IIIb 61:k:1,5,(7)",,267755,O:61,"IIIb O:61:k:1,5,7","IIIb O:61:k:1,5,7","IIIb 61:k:1,5,7",NA,NA,NA,15-151,58,30,27,4789849,51.36,8.0,
L01672-17,"1-Unnamed--1-I 4:d:---1-I 1,4,[5],12:d:-",Pass,,"4,12:d:-",undetermined,undetermined,,,1379287,1346962,51,79.64-salmonella--6.01-citrobacter,Off,Unnamed,GREEN,279,No ebg,"62,95,54,96,100,9,100",72.6,I 4:d:-,This predicted serotype is not in the Kauffman-White scheme.,286333,B,"I 1,4,[5],12:d:-","I 1,4,[5],12:d:-","I 1,4,[5],12:d:-",NA,NA,NA,17-151,41,24,20,4752770,52.11,6.0,
L03338-18,"1-Marina--1-IV 48:g,z51:---1-IV Y:g,z51:-",CheckRequired,Check Serovar,no_consensus,undetermined,undetermined,,,1529043,1524231,51,41.37-salmonella--5.74-citrobacter,Off,Marina,AMBER,*1869,No ebg,"30,28,31,27,467,29,476",81.52,"IV 48:g,z51:-",,232748,Y,"IV Y:g,z51:-","IV Y:g,z51:-","IV 48:g,z51:-",NA,NA,NA,31-151,72,30,23,4792473,51.61,8.0,
L02076-13,"2-IIIa 41:z4,z23:---1-Arizonae",CheckRequired,Check Serovar,"41:z4,z23:- ",IIIa,S,,,863837,835937,50,98.65-salmonella--5.66-citrobacter,Off,Arizonae,GREEN,2131,No ebg,"65,25,29,24,20,50,497",46.05,"IIIa 41:z4,z23:-","Co-existence of multiple serotypes detected, indicating potential inter-serotype contamination. See 'Extracted_antigen_alleles.fasta' for detected serotype determinant alleles.",312977,S,"IIIa 41:z4,z23:-","IIIa 41:z4,z23:-","IIIa 41:z4,z23:-",NA,NA,NA,16-151,58,30,25,4529986,51.41,6.0,
S01776-10,2-Gallinarum--1-Pullorum,Pass,,Pullorum,I,D1,Variant Pullorum,,742693,722818,51,98.9-salmonella--6.04-citrobacter,Off,Pullorum,GREEN,2453,No ebg,"5,2,3,654,31,41,11",36.35,Gallinarum or Enteritidis,"sdf gene not detected. The predicted serotypes share the same general formula: 9:g,m:-.",399701,D1,Gallinarum,Nitra|Gallinarum|Pullorum|Berta|Enteritidis|Blegdam|Gueuletapee|Naestved|Rostock|Hillingdon,Gallinarum,2-Pullorum,NA,NA,22-151,58,26,16,4790338,52.19,5.0,
S02975-15,"1-No Type--1-I 9:g,m:z--1-I D1:k:z",CheckRequired,Check Serovar,no_consensus,undetermined,undetermined,,,898503,877007,51,99.16-salmonella--7.69-citrobacter,Off,no type,AMBER,*NOVEL alleles.  cannot determine closest ST(MLV),No ebg,"*215,*49,*80,*87,*31,*315,*28",34.01,"I 9:g,m:z","This predicted serotype is not in the Kauffman-White scheme. Co-existence of multiple serotypes detected, indicating potential inter-serotype contamination. See 'Extracted_antigen_alleles.fasta' for detected serotype determinant alleles.",4421,D1,I D1:k:z,I D1:k:z,Gallinarum,NA,NA,NA,15-151,3514,23,3,8238294,51.74,403.0,
S05780-02,2-Gallinarum--1-Pullorum,Pass,,Pullorum,I,D1,Variant Pullorum,,1151507,1122509,51,99.56-salmonella--6.04-citrobacter,Off,Pullorum,GREEN,2453,No ebg,"5,2,3,654,31,41,11",41.92,Gallinarum or Enteritidis,"sdf gene not detected. The predicted serotypes share the same general formula: 9:g,m:-.",378275,D1,Gallinarum,Nitra|Gallinarum|Pullorum|Berta|Enteritidis|Blegdam|Gueuletapee|Naestved|Rostock|Hillingdon,Gallinarum,2-Pullorum,NA,NA,19-151,50,25,16,4823114,52.14,5.0,
S01930-14,2-Gallinarum--1-No Type,Inconclusive,PoorAssembly: MLSTcov<30x,Gallinarum ,I,D1,,NOT VACCINE STRAIN,1093707,1068052,51,98.84-salmonella--5.97-citrobacter,Off,no type,AMBER,*2151,No ebg,"5,2,361,7,31,41,11",25.9,Gallinarum or Enteritidis,"sdf gene not detected. The predicted serotypes share the same general formula: 9:g,m:-.",339636,D1,Gallinarum,Nitra|Gallinarum|Pullorum|Berta|Enteritidis|Blegdam|Gueuletapee|Naestved|Rostock|Hillingdon,Gallinarum,srst2 result file not found,NA,NA,15-151,38,23,18,4704233,52.17,5.0,
S05014-09,2-Gallinarum--1-Pullorum,Pass,,Pullorum,I,D1,Variant Pullorum,,756945,735381,51,99.65-salmonella--6.06-citrobacter,Off,Pullorum,AMBER,*2453,No ebg,"5,2,3,654,31,41,11",30.19,Gallinarum or Enteritidis,"sdf gene not detected. The predicted serotypes share the same general formula: 9:g,m:-.",399890,D1,Gallinarum,Nitra|Gallinarum|Pullorum|Berta|Enteritidis|Blegdam|Gueuletapee|Naestved|Rostock|Hillingdon,Gallinarum,2-Pullorum,NA,NA,17-151,52,24,17,4822604,52.14,5.0,
L03903-18,"2-IV 50:g,z51:---1-Wassenaar",CheckRequired,Check Serovar,"50:g,z51:- ",IV,          ,,,3523739,3440580,50,41.48-salmonella--5.74-citrobacter,Off,Wassenaar,GREEN,2197,No ebg,"470,28,31,151,22,29,30",154.85,"IV 50:g,z51:-",,147180,Z,"IV 50:g,z51:-","IV 50:g,z51:-","IV 50:g,z51:-",NA,NA,NA,15-151,80,36,30,4778555,51.44,10.0,
L00611-12,2-Gallinarum--1-Pullorum,Pass,,Pullorum,I,D1,Variant Pullorum,,512535,496727,51,99.26-salmonella--5.96-citrobacter,Off,Pullorum,AMBER,*2453,No ebg,"5,2,3,654,31,41,11",23.65,Gallinarum or Enteritidis,"sdf gene not detected. The predicted serotypes share the same general formula: 9:g,m:-.",399793,D1,Gallinarum,Nitra|Gallinarum|Pullorum|Berta|Enteritidis|Blegdam|Gueuletapee|Naestved|Rostock|Hillingdon,Gallinarum,2-Pullorum,NA,NA,22-151,47,22,17,4817225,52.14,5.0,
S02929-15,2-Gallinarum--1-No Type,Inconclusive,PoorAssembly: MLSTcov<30x,Gallinarum ,I,D1,,NOT VACCINE STRAIN,979717,956992,51,98.68-salmonella--5.96-citrobacter,Off,no type,AMBER,*NOVEL allele. Closest ST:2151(SLV),No ebg,"5,2,361,7,*31,41,11",22.45,Gallinarum or Enteritidis,"sdf gene not detected. The predicted serotypes share the same general formula: 9:g,m:-.",351880,D1,Gallinarum,Nitra|Gallinarum|Pullorum|Berta|Enteritidis|Blegdam|Gueuletapee|Naestved|Rostock|Hillingdon,Gallinarum,srst2 result file not found,NA,NA,19-151,33,21,19,4705269,52.16,6.0,
S01611-14,2-Gallinarum--1-No Type,Pass,,Gallinarum ,I,D1,,NOT VACCINE STRAIN,1067890,1042577,51,99.02-salmonella--5.98-citrobacter,Off,no type,GREEN,2151,No ebg,"5,2,361,7,31,41,11",32.72,Gallinarum or Enteritidis,"sdf gene not detected. The predicted serotypes share the same general formula: 9:g,m:-.",435641,D1,Gallinarum,Nitra|Gallinarum|Pullorum|Berta|Enteritidis|Blegdam|Gueuletapee|Naestved|Rostock|Hillingdon,Gallinarum,srst2 result file not found,NA,NA,15-151,29,17,14,4713697,52.17,4.0,
L00996-14,"1-IV 44:z4,z23:---1-IV 57:z4,z23:---1-Unnamed",CheckRequired,Check Serovar,no_consensus,undetermined,undetermined,,,644988,622802,51,41.46-salmonella--5.74-citrobacter,Off,Unnamed,GREEN,433,No ebg,"30,28,31,27,22,29,30",27.32,"IV 44:z4,z23:-",,219471,O:57,"IV 57:z4,z23:-","IV 57:z4,z23:-","IV 57:z4,z23:-",NA,NA,NA,17-151,64,32,20,4694881,51.67,7.0,
S01628-16,2-Gallinarum--1-No Type,Inconclusive,PoorAssembly: MLSTcov<30x,Gallinarum ,I,D1,,NOT VACCINE STRAIN,618877,604597,52,95.84-salmonella--5.78-citrobacter,Off,no type,AMBER,*2151,No ebg,"5,2,361,7,31,41,11",13.64,Gallinarum or Enteritidis,"sdf gene not detected. The predicted serotypes share the same general formula: 9:g,m:-.",82478,D1,Gallinarum,Nitra|Gallinarum|Pullorum|Berta|Enteritidis|Blegdam|Gueuletapee|Naestved|Rostock|Hillingdon,Gallinarum,srst2 result file not found,NA,NA,18-151,122,58,27,4695899,52.16,17.0,
L00886-16,"1-IIIb O:61:k:1,5,7--1-Arizonae--1-IIIb 61:k:1,5,(7)",Pass,,"61:k:1,5,7",IIIb,61,,,2336906,2273647,51,43.2-salmonella--6.42-citrobacter,Off,Arizonae,GREEN,432,No ebg,"88,26,30,55,21,68,80",139.04,"IIIb 61:k:1,5,(7)",,256561,O:61,"IIIb O:61:k:1,5,7","IIIb O:61:k:1,5,7","IIIb 61:k:1,5,7",NA,NA,NA,17-151,56,29,25,4787714,51.36,8.0,
S03209-08,2-Gallinarum--1-Pullorum,Pass,,Pullorum,I,D1,Variant Pullorum,,1039038,1013179,51,98.81-salmonella--6.03-citrobacter,Off,Pullorum,GREEN,2453,No ebg,"5,2,3,654,31,41,11",40.74,Gallinarum or Enteritidis,"sdf gene not detected. The predicted serotypes share the same general formula: 9:g,m:-.",460006,D1,Gallinarum,Nitra|Gallinarum|Pullorum|Berta|Enteritidis|Blegdam|Gueuletapee|Naestved|Rostock|Hillingdon,Gallinarum,2-Pullorum,NA,NA,18-151,40,19,13,4787311,52.18,3.0,
S03021-16,2-Gallinarum--1-No Type,Inconclusive,PoorAssembly: MLSTcov<30x,Gallinarum ,I,D1,,NOT VACCINE STRAIN,586060,569071,51,98.16-salmonella--5.92-citrobacter,Off,no type,AMBER,*NOVEL allele. Closest ST:2151(SLV),No ebg,"5,2,361,7,*31,41,11",17.76,Gallinarum or Enteritidis,"sdf gene not detected. The predicted serotypes share the same general formula: 9:g,m:-.",416429,D1,Gallinarum,Nitra|Gallinarum|Pullorum|Berta|Enteritidis|Blegdam|Gueuletapee|Naestved|Rostock|Hillingdon,Gallinarum,srst2 result file not found,NA,NA,28-151,38,24,18,4707320,52.16,5.0,
L01032-16,"1-IIIb O:61:k:1,5,7--1-Arizonae--1-IIIb 61:k:1,5,(7)",Pass,,"61:k:1,5,7",IIIb,61,,,2425764,2365456,51,43.22-salmonella--6.42-citrobacter,Off,Arizonae,GREEN,432,No ebg,"88,26,30,55,21,68,80",133.02,"IIIb 61:k:1,5,(7)",,173681,O:61,"IIIb O:61:k:1,5,7","IIIb O:61:k:1,5,7","IIIb 61:k:1,5,7",NA,NA,NA,15-151,58,32,29,4787594,51.36,9.0,
S03483-17,"1-No Type--1-I 9:g,m:z6--1-Gallinarum",CheckRequired,Check Serovar,no_consensus,undetermined,undetermined,,NOT VACCINE STRAIN,599520,584708,51,98.59-salmonella--6.07-citrobacter,Off,no type,AMBER,*NOVEL allele. Closest ST:2151(SLV),No ebg,"5,2,361,7,*31,41,11",21.42,"I 9:g,m:z6",This predicted serotype is not in the Kauffman-White scheme.,374729,D1,Gallinarum,Nitra|Gallinarum|Pullorum|Berta|Enteritidis|Blegdam|Gueuletapee|Naestved|Rostock|Hillingdon,Gallinarum,srst2 result file not found,NA,NA,20-151,49,27,20,4760884,52.12,6.0,
L01576-18,"1-II 30:l,z13,z28:z6--1-Unnamed--1-II N:l,z38:z6",CheckRequired,Check Serovar,no_consensus,undetermined,undetermined,,,1010620,975200,50,50.86-salmonella--6.12-citrobacter,Off,Unnamed,GREEN,581,No ebg,"25,176,27,214,18,181,169",36.41,"II 30:l,z13,z28:z6",This predicted serotype is not in the Kauffman-White scheme.,263507,N,"II N:l,z38:z6","II N:l,z38:z6","II 30:l,z28:z6",NA,NA,NA,15-151,59,33,23,5100339,51.85,6.0,
S05779-02,2-Gallinarum--1-Pullorum,Pass,,Pullorum,I,D1,Variant Pullorum,,1092897,1064316,51,99.56-salmonella--6.04-citrobacter,Off,Pullorum,GREEN,2453,No ebg,"5,2,3,654,31,41,11",43.97,Gallinarum or Enteritidis,"sdf gene not detected. The predicted serotypes share the same general formula: 9:g,m:-.",404979,D1,Gallinarum,Nitra|Gallinarum|Pullorum|Berta|Enteritidis|Blegdam|Gueuletapee|Naestved|Rostock|Hillingdon,Gallinarum,2-Pullorum,NA,NA,25-151,46,21,15,4824248,52.14,4.0,
L00865-19,"2-IIIb 18:l,v:z--1-Arizonae",CheckRequired,Check Serovar,"18:l,v:z ",IIIb,K,,,514213,488188,50,43.11-salmonella--6.4-citrobacter,Off,Arizonae,AMBER,*1262,No ebg,"33,26,30,144,21,87,264",21.82,"IIIb 18:l,v:z",,180298,K,"IIIb 18:l,v:z","IIIb 18:l,v:z","IIIb 65:l,v:z",NA,NA,NA,15-151,77,35,31,5224972,51.16,9.0,
L00504-09a,2-Gallinarum--1-No Type,Inconclusive,PoorAssembly: MLSTcov<30x,Gallinarum ,I,D1,,NOT VACCINE STRAIN,795209,773818,51,98.96-salmonella--5.97-citrobacter,Off,no type,AMBER,*NOVEL allele. Closest ST:2151(SLV),No ebg,"5,2,361,7,*31,41,11",27.58,Gallinarum or Enteritidis,"sdf gene not detected. The predicted serotypes share the same general formula: 9:g,m:-.",439068,D1,Gallinarum,Nitra|Gallinarum|Pullorum|Berta|Enteritidis|Blegdam|Gueuletapee|Naestved|Rostock|Hillingdon,Gallinarum,srst2 result file not found,NA,NA,31-151,28,15,13,4708749,52.17,4.0,
S04154-14,"2-IV 50:g,z51:---1-Wassenaar",CheckRequired,Check Serovar,"50:g,z51:- ",IV,          ,,,2914989,2914989,50,41.33-salmonella--5.74-citrobacter,Off,Wassenaar,GREEN,2197,No ebg,"470,28,31,151,22,29,30",119.09,"IV 50:g,z51:-",,170356,Z,"IV 50:g,z51:-","IV 50:g,z51:-","IV 50:g,z51:-",NA,NA,NA,31-125,73,37,27,4859132,51.5,8.0,
S03718-17,2-Durban--1-Typhimurium,CheckRequired,Check Serovar,Durban ,I,D1,,,2129608,2129608,52,82.46-salmonella--6.01-citrobacter,Off,Typhimurium,GREEN,2330,No ebg,"22,11,25,21,102,23,4",94.1,Durban,,277061,D1,Durban,Lomalinda|Durban|Baildon|Doba,Durban,NA,NA,NA,17-151,48,28,21,4601766,52.17,6.0,
S03176-18,"2-VI [1],6,14:a:1,5--1-No Type",CheckRequired,Check Serovar,"[1],6,14:a:1,5 ",undetermined,undetermined,,,1799605,1799605,51,51.61-salmonella--5.95-citrobacter,Off,no type,GREEN,1173,No ebg,"269,149,180,54,268,219,50",104.78,"VI [1],6,14:a:1,5",,215176,H,"VI [1],6,14:a:1,5","VI [1],6,14:a:1,5","VI [1],6,14:a:1,5",NA,NA,NA,15-151,57,29,22,4704359,51.83,8.0,
S01536-17,"1-II 1,13,23:z29:1,5|II 13,22:z29:1,5--1-No Type--1-II 13,22:z29:1,5",CheckRequired,Check Serovar,no_consensus,undetermined,undetermined,,,1026753,1026753,51,50.66-salmonella--6.08-citrobacter,Off,no type,GREEN,NOVEL ST. (no SLV),No ebg,"242,221,81,81,330,378,76",50.76,"II 13,22:z29:1,5",,201477,G,"II 1,13,23:z29:1,5|II 13,22:z29:1,5","II 1,13,23:z29:1,5|II 13,22:z29:1,5","II 1,13,23:z29:e,n,x",NA,NA,NA,16-151,61,34,26,4841173,51.95,8.0,
S04608-11,"2-IV 50:g,z51:---1-Wassenaar",CheckRequired,Check Serovar,"50:g,z51:- ",IV,          ,,,673440,673440,50,41.2-salmonella--5.72-citrobacter,Off,Wassenaar,AMBER,*2197,No ebg,"470,28,31,151,22,29,30",22.14,"IV 50:g,z51:-",,147152,Z,"IV 50:g,z51:-","IV 50:g,z51:-","IV 50:g,z51:-",NA,NA,NA,20-151,97,39,26,4854332,51.53,9.0,
S04092-16,2-IIIb 60:r:z--1-No Type,CheckRequired,Check Serovar,60:r:z ,IIIb,60,,,573203,573203,51,43.16-salmonella--6.38-citrobacter,Off,no type,GREEN,2825,No ebg,"145,26,30,282,21,87,28",27.96,IIIb 60:r:z,,360911,O:60,IIIb 60:r:z,IIIb 60:r:z,IIIb 60:r:z,NA,NA,NA,16-151,41,25,19,4830342,51.63,5.0,
S00820-12,"2-IV 50:g,z51:---1-Wassenaar",CheckRequired,Check Serovar,"50:g,z51:- ",IV,          ,,,1178080,1178080,51,41.58-salmonella--5.74-citrobacter,Off,Wassenaar,GREEN,2197,No ebg,"470,28,31,151,22,29,30",54.56,"IV 50:g,z51:-",,142115,Z,"IV 50:g,z51:-","IV 50:g,z51:-","IV 50:g,z51:-",NA,NA,NA,15-151,79,36,27,4733361,51.56,10.0,
S03174-18,1-V 66:z41:---1-Brookfield--1-66:z41:-,CheckRequired,Check Serovar,no_consensus,V,66,,,1358173,1358173,51,98.71-salmonella--5.22-citrobacter,Off,Brookfield,AMBER,*398,No ebg,"32,29,33,29,24,30,52",89.02,66:z41:-,,342946,O:66,V 66:z41:-,V 66:z41:-,V 66:z41:-,NA,NA,NA,15-151,43,22,19,4357542,51.3,6.0,
S04738-11,"2-II 58:l,z13,z28:z6--1-Unnamed",CheckRequired,Check Serovar,"58:l,z13,z28:z6 ",II,58,,,841345,841345,50,50.76-salmonella--6.06-citrobacter,Off,Unnamed,AMBER,*781,No ebg,"229,176,27,258,18,213,25",23.27,"II 58:l,z13,z28:z6",,44600,O:58,"II 58:l,z13,z28:z6","II 58:l,z13,z28:z6","II 58:l,z13,z28:z6",NA,NA,NA,19-151,247,71,25,5175570,51.81,35.0,
S01669-19,"2-II 58:l,z13,z28:z6--1-No Type",CheckRequired,Check Serovar,"58:l,z13,z28:z6 ",II,58,,,513868,513868,50,49.07-salmonella--5.88-citrobacter,Off,no type,AMBER,*NOVEL allele. Closest ST:781(SLV),No ebg,"229,176,27,258,18,*213,25",13.8,"II 58:l,z13,z28:z6",,65692,O:58,"II 58:l,z13,z28:z6","II 58:l,z13,z28:z6","II 58:l,z13,z28:z6",NA,NA,NA,17-151,212,62,30,5349650,51.73,23.0,
S02339-12,2-II 50:b:z6--1-No Type,CheckRequired,Check Serovar,50:b:z6 ,II,Z,,,972755,972755,51,50.69-salmonella--6.11-citrobacter,Off,no type,AMBER,*NOVEL ST. (no SLV),No ebg,"191,82,77,258,18,85,25",31.93,II 50:b:z6,,93941,Z,II 50:b:z6,II 50:b:z6,II 50:b:z6,NA,NA,NA,16-151,144,56,36,5055084,51.88,18.0,
S01191-17,"1-II 1,13,23:z29:1,5|II 13,22:z29:1,5--1-No Type--1-II 13,22:z29:1,5",CheckRequired,Check Serovar,no_consensus,undetermined,undetermined,,,1075739,1075739,51,50.66-salmonella--6.08-citrobacter,Off,no type,GREEN,NOVEL ST. (no SLV),No ebg,"242,221,81,81,330,378,76",52.79,"II 13,22:z29:1,5",,243386,G,"II 1,13,23:z29:1,5|II 13,22:z29:1,5","II 1,13,23:z29:1,5|II 13,22:z29:1,5","II 1,13,23:z29:e,n,x",NA,NA,NA,16-151,61,32,23,4844670,51.96,8.0,
S03177-18,"1-II 48:z10:[1,5]--1-II Y:z10:1,5--1-No Type",CheckRequired,Check Serovar,no_consensus,undetermined,undetermined,,5],1699358,1699358,52,50.41-salmonella--6.01-citrobacter,Off,no type,GREEN,NOVEL alleles. cannot determine closest ST (DLV),No ebg,"25,*176,192,341,85,*85,25",98.03,"II 48:z10:[1,5]",,153573,Y,"II Y:z10:1,5","II Y:z10:1,5",II 48:z10:[1,5],NA,NA,NA,151,57,39,31,4758935.0,51.91,9
L04134-18,"1-I 1,4,[5],12:d:---1-Unnamed--1-I 4:d:-",Pass,,"4,12:d:-",I,B,,,2080843,2080843,51,79.62-salmonella--6.03-citrobacter,Off,Unnamed,GREEN,279,No ebg,"62,95,54,96,100,9,100",104.78,I 4:d:-,This predicted serotype is not in the Kauffman-White scheme.,393091,B,"I 1,4,[5],12:d:-","I 1,4,[5],12:d:-","I 1,4,[5],12:d:-",NA,NA,NA,15-151,42,21,17,4796555,52.14,5.0,
S02765-09,"2-Iiia--1-IIIa 18:z4,z23:-",CheckRequired,Check Serovar,"18:z4,z32:-",IIIa,undetermined,,,633778,633778,51,84.89-salmonella--5.63-citrobacter,Off,Iiia,GREEN,1413,No ebg,"56,25,28,24,355,26,27",32.71,"IIIa 18:z4,z32:-",,194057,K,"IIIa 18:z4,z23:-","IIIa 18:z4,z23:-","IIIa 18:z4,z32:-",NA,NA,NA,15-151,54,31,25,4577927,51.44,8.0,
S02909-09,"2-IIIa 44:z4,z23:---1-Arizonae",CheckRequired,Check Serovar,"4:z4,z23:-",IIIa,V,,,1191358,1191358,50,84.59-salmonella--5.63-citrobacter,Off,Arizonae,GREEN,2568,No ebg,"557,24,29,83,20,26,27",52.37,"IIIa 44:z4,z23:-",,237443,V,"IIIa 44:z4,z23:-","IIIa 44:z4,z23:-","IIIa 44:z4,z23:-",NA,NA,NA,18-151,64,32,25,4739041,51.08,8.0,
S01534-17,"1-II 1,13,23:z29:1,5|II 13,22:z29:1,5--1-No Type--1-II 13,22:z29:1,5",CheckRequired,Check Serovar,no_consensus,undetermined,undetermined,,,1152481,1152481,51,50.66-salmonella--6.08-citrobacter,Off,no type,GREEN,NOVEL ST. (no SLV),No ebg,"242,221,81,81,330,378,76",53.8,"II 13,22:z29:1,5",,172340,G,"II 1,13,23:z29:1,5|II 13,22:z29:1,5","II 1,13,23:z29:1,5|II 13,22:z29:1,5","II 1,13,23:z29:e,n,x",NA,NA,NA,16-151,61,35,28,4840754,51.95,10.0,
S03058-09,2-IIIb 50:k:z--1-Arizonae,CheckRequired,Check Serovar,50:k:z ,IIIb,Z,,,1152525,1152525,51,43.62-salmonella--6.38-citrobacter,Off,Arizonae,GREEN,2055,No ebg,"378,26,30,55,21,28,28",52.85,IIIb 50:k:z,,267300,Z,IIIb 50:k:z,IIIb 50:k:z,IIIb 50:k:z,NA,NA,NA,16-151,78,28,22,4726857,51.64,7.0,
S01668-19,"2-IV 18:z36,z38:---1-No Type",CheckRequired,Check Serovar,"18:z36,z38:- ",IV,K,,,734941,734941,49,41.09-salmonella--5.74-citrobacter,Off,no type,AMBER,*1220,No ebg,"30,28,31,333,22,268,30",24.41,"IV 18:z36,z38:-",,250120,K,"IV 18:z36,z38:-","IV 18:z36,z38:-","IV 18:z36,z38:-",NA,NA,NA,15-151,83,32,22,4713232,51.6,7.0,
S02638-11,2-II 50:b:z6--1-No Type,CheckRequired,Check Serovar,50:b:z6 ,II,Z,,,786530,786530,51,50.68-salmonella--6.05-citrobacter,Off,no type,GREEN,NOVEL ST. (no SLV),No ebg,"191,82,77,258,18,85,25",29.82,II 50:b:z6,,191519,Z,II 50:b:z6,II 50:b:z6,II 50:b:z6,NA,NA,NA,20-151,83,33,23,4868931,51.9,9.0,
S02266-18,"1-I 1,4,[5],12:d:---1-Unnamed--1-I 4:d:-",Pass,,"4,12:d:-",I,B,,,1114559,1114559,51,79.64-salmonella--6.0-citrobacter,Off,Unnamed,GREEN,279,No ebg,"62,95,54,96,100,9,100",57.27,I 4:d:-,This predicted serotype is not in the Kauffman-White scheme.,398429,B,"I 1,4,[5],12:d:-","I 1,4,[5],12:d:-","I 1,4,[5],12:d:-",NA,NA,NA,15-151,44,24,22,4769226,52.13,5.0,
S02762-09,"2-Iiia--1-IIIa 18:z4,z23:-",CheckRequired,Check Serovar,"18:z4,z32:-",IIIa,undetermined,,,696858,696858,50,84.89-salmonella--5.63-citrobacter,Off,Iiia,GREEN,1413,No ebg,"56,25,28,24,355,26,27",37.46,"IIIa 18:z4,z32:-",,180658,K,"IIIa 18:z4,z23:-","IIIa 18:z4,z23:-","IIIa 18:z4,z32:-",NA,NA,NA,17-151,59,33,26,4574817,51.44,8.0,
S04270-11,"2-IV 44:z4,z23:---1-Unnamed",CheckRequired,Check Serovar,"44:z4,z23:- ",IV,V,,,1362092,1362092,50,41.47-salmonella--5.74-citrobacter,Off,Unnamed,GREEN,*433,No ebg,"30,28,31,27,22,29,30",27.96,"IV 44:z4,z23:-",,35661,V,"IV 44:z4,z23:-","IV 44:z4,z23:-","IV 57:z4,z23:-",NA,NA,NA,18-151,335,60,25,4881261,51.51,38.0,
S01863-10,2-IIIb 50:k:z--1-Arizonae,CheckRequired,Check Serovar,50:k:z ,IIIb,Z,,,1008316,1008316,51,43.62-salmonella--6.38-citrobacter,Off,Arizonae,GREEN,2055,No ebg,"378,26,30,55,21,28,28",43.32,IIIb 50:k:z,,215774,Z,IIIb 50:k:z,IIIb 50:k:z,IIIb 50:k:z,NA,NA,NA,15-151,88,31,23,4726670,51.64,8.0,
S05109-13,"1-II 42:f,g,t:---1-No Type--1-II 42:g,t:-",CheckRequired,Check Serovar,no_consensus,undetermined,undetermined,,,624689,624689,52,51.3-salmonella--6.06-citrobacter,Off,no type,GREEN,Novel ST. Closest ST:1201 (SLV),No ebg,"288,176,27,327,250,24,91",37.28,"II 42:f,g,t:-",This predicted serotype is not in the Kauffman-White scheme.,262574,T,"II 42:g,t:-","II 42:g,t:-","II 58:f,g,t:z6",NA,NA,NA,29-151,44,26,18,4843179,51.98,6.0,
S05821-12,"2-IIIa 44:z4,z23,z32:---1-Arizonae",CheckRequired,Check Serovar,"44:z4,z23,z32 ",IIIa,V,,,796988,796988,51,89.5-salmonella--5.65-citrobacter,Off,Arizonae,GREEN,2523,No ebg,"65,248,29,82,20,50,246",47.12,"IIIa 44:z4,z23,z32:-",,151762,V,"IIIa 44:z4,z23,z32:-","IIIa 44:z4,z23,z32:-","IIIa 44:z4,z23,z32:-",NA,NA,NA,26-151,102,38,29,4679792,51.41,10.0,
L04530-15,"2-IIIa 44:z4,z23:---1-Arizonae",CheckRequired,Check Serovar,"4:z4,z23:-",IIIa,V,,,610193,610193,50,84.56-salmonella--5.63-citrobacter,Off,Arizonae,GREEN,2568,No ebg,"557,24,29,83,20,26,27",32.28,"IIIa 44:z4,z23:-",,188413,V,"IIIa 44:z4,z23:-","IIIa 44:z4,z23:-","IIIa 44:z4,z23:-",NA,NA,NA,19-151,69,34,27,4564958,51.5,8.0,
L04192-18,"1-I 1,4,[5],12:d:---1-Unnamed--1-I 4:d:-",Pass,,"4,12:d:-",I,B,,,1411714,1411714,57,79.85-salmonella--6.04-citrobacter,Off,Unnamed,GREEN,279,No ebg,"62,95,54,96,100,9,100",34.57,I 4:d:-,"This predicted serotype is not in the Kauffman-White scheme. Co-existence of multiple serotypes detected, indicating potential inter-serotype contamination. See 'Extracted_antigen_alleles.fasta' for detected serotype determinant alleles.",397264,B,"I 1,4,[5],12:d:-","I 1,4,[5],12:d:-","I 1,4,[5],12:d:-",NA,NA,NA,15-151,59,21,17,4791318,52.14,5.0,
S01754-12,"2-IIIa 41:z4,z23:---1-Arizonae",CheckRequired,Check Serovar,"41:z4,z23:- ",IIIa,S,,,946005,946005,50,99.64-salmonella--5.64-citrobacter,Off,Arizonae,GREEN,2131,No ebg,"65,25,29,24,20,50,497",35.1,"IIIa 41:z4,z23:-",,140344,S,"IIIa 41:z4,z23:-","IIIa 41:z4,z23:-","IIIa 41:z4,z23:-",NA,NA,NA,30-151,86,40,29,4545857,51.33,10.0,
S01405-10,"1-II N:l,z38:z6--1-Unnamed--1-II 30:l,z13,z28:z6",CheckRequired,Check Serovar,no_consensus,undetermined,undetermined,,,727332,727332,50,50.6-salmonella--6.05-citrobacter,Off,Unnamed,AMBER,*581,No ebg,"25,176,27,214,18,181,169",22.41,"II 30:l,z13,z28:z6",This predicted serotype is not in the Kauffman-White scheme.,361105,N,"II N:l,z38:z6","II N:l,z38:z6","II 30:l,z28:z6",NA,NA,NA,18-151,64,30,22,4826206,51.91,5.0,
S05268-14,"2-IIIa 41:z4,z23:---1-Arizonae",CheckRequired,Check Serovar,"41:z4,z23:- ",IIIa,S,,,510972,510972,51,98.57-salmonella--5.63-citrobacter,Off,Arizonae,GREEN,2131,No ebg,"65,25,29,24,20,50,497",28.94,"IIIa 41:z4,z23:-",,340272,S,"IIIa 41:z4,z23:-","IIIa 41:z4,z23:-","IIIa 41:z4,z23:-",NA,NA,NA,31-151,54,26,21,4528836,51.39,5.0,
S01779-12,2-II 50:b:z6--1-No Type,CheckRequired,Check Serovar,50:b:z6 ,II,Z,,,1441723,1441723,51,50.74-salmonella--6.11-citrobacter,Off,no type,GREEN,NOVEL ST. (no SLV),No ebg,"191,82,77,258,18,85,25",43.07,II 50:b:z6,,208079,Z,II 50:b:z6,II 50:b:z6,II 50:b:z6,NA,NA,NA,19-151,77,35,26,5146514,51.78,9.0,
S03734-17,2-IIIb 50:k:z--1-Arizonae,CheckRequired,Check Serovar,50:k:z ,IIIb,Z,,,1076811,1076811,51,43.36-salmonella--6.38-citrobacter,Off,Arizonae,GREEN,430,No ebg,"145,26,30,144,21,145,28",49.55,IIIb 50:k:z,,266037,Z,IIIb 50:k:z,IIIb 50:k:z,IIIb 50:k:z,NA,NA,NA,15-151,60,27,23,4842430,51.28,7.0,
S02766-09,"2-Iiia--1-IIIa 18:z4,z23:-",CheckRequired,Check Serovar,"18:z4,z32:-",IIIa,undetermined,,,1069907,1069907,51,84.92-salmonella--5.64-citrobacter,Off,Iiia,GREEN,1413,No ebg,"56,25,28,24,355,26,27",57.22,"IIIa 18:z4,z32:-",,194017,K,"IIIa 18:z4,z23:-","IIIa 18:z4,z23:-","IIIa 18:z4,z32:-",NA,NA,NA,15-151,51,31,24,4484202,51.47,8.0,
S02180-09,2-IIIb 50:k:z--1-Arizonae,CheckRequired,Check Serovar,50:k:z ,IIIb,Z,,,847549,847549,51,43.62-salmonella--6.38-citrobacter,Off,Arizonae,GREEN,2055,No ebg,"378,26,30,55,21,28,28",45.54,IIIb 50:k:z,,215876,Z,IIIb 50:k:z,IIIb 50:k:z,IIIb 50:k:z,NA,NA,NA,15-151,80,31,24,4734323,51.65,8.0,
S02093-10,"1-II N:l,z38:z6--1-Unnamed--1-II 30:l,z13,z28:z6",CheckRequired,Check Serovar,no_consensus,undetermined,undetermined,,,555999,555999,50,50.96-salmonella--6.09-citrobacter,Off,Unnamed,AMBER,*581,No ebg,"25,176,27,214,18,181,169",20.86,"II 30:l,z13,z28:z6","This predicted serotype is not in the Kauffman-White scheme. Co-existence of multiple serotypes detected, indicating potential inter-serotype contamination. See 'Extracted_antigen_alleles.fasta' for detected serotype determinant alleles.",307024,N,"II N:l,z38:z6","II N:l,z38:z6","II 30:l,z28:z6",NA,NA,NA,31-151,69,32,24,4982392,51.82,6.0,
S01949-18,"1-I 1,4,[5],12:d:---1-Unnamed--1-I 4:d:-",Pass,,"4,12:d:-",I,B,,,1494909,1494909,51,79.65-salmonella--6.01-citrobacter,Off,Unnamed,GREEN,279,No ebg,"62,95,54,96,100,9,100",75.56,I 4:d:-,This predicted serotype is not in the Kauffman-White scheme.,276712,B,"I 1,4,[5],12:d:-","I 1,4,[5],12:d:-","I 1,4,[5],12:d:-",NA,NA,NA,15-151,49,26,20,4894157,52.05,6.0,
S01770-14,"2-IV 43:z4,z32:---1-No Type",CheckRequired,Check Serovar,"43:z4,z32:- ",IV,U,,,2853970,2853970,51,41.45-salmonella--5.73-citrobacter,Off,no type,GREEN,NOVEL allele. cannot determine closest ST (SLV),No ebg,"31,28,76,151,23,*29,81",147.01,"IV 43:z4,z32:-",,254372,U,"IV 43:z4,z32:-","IV 43:z4,z32:-","IV 43:z4,z32:-",NA,NA,NA,31-125,54,27,22,4643664,51.74,7.0,
S03175-18,1-O48:Z35:---1-V Y:z35:---1-48:z35:-,CheckRequired,Check Serovar,no_consensus,undetermined,undetermined,,,1736202,1736202,51,88.91-salmonella--5.26-citrobacter,Off,O48:Z35:-,AMBER,*395,No ebg,"132,30,103,134,126,133,129",98.17,48:z35:-,,178258,Y,V Y:z35:-,V Y:z35:-,V 48:z35:-,NA,NA,NA,15-151,52,31,27,4603265,51.27,8.0,
P02269-21,2-Paratyphi--1-Paratyphi B var. Java,Pass,,Paratyphi B Variant Java,I,B,Variant Java,,5320607,3000000,51,78.89-salmonella--6.16-citrobacter,Off,Paratyphi,GREEN,28,No ebg,"15,15,19,17,5,19,18",166.36,Paratyphi B var. L(+) tartrate+,The SNP that causes d-Tartrate nonfermentating phenotype of Paratyphi B was not detected. ,221403,B,Paratyphi B var. Java,Paratyphi B|Paratyphi B var. Java|Limete,Paratyphi B var. Java,NA,NA,Java,15-151,67,32,22,4719075,52.2,7.0,
S00994-22,3-Typhimurium,Pass,,Typhimurium,I,B,,Salmonella Typhimurium Salmoporc STM Vaccine Strain,10405887,3000000,52,99.41-salmonella--6.13-citrobacter,Off,Typhimurium,GREEN,19,1,"10,7,12,9,5,9,2",153.21,Typhimurium,,121795,B,Typhimurium,Typhimurium|Lagos,Typhimurium,2-SalmoporcSTM,NA,NA,15-151,94,44,31,4900735,52.15,10.0,
S01597-21,"1-Paratyphi--1-I 1,4,[5],12:b:---1-I 4:b:-",Pass,,Paratyphi B Variant Java,I,B,Monophasic Java,,6825381,3000000,52,81.48-salmonella--6.0-citrobacter,Off,Paratyphi,GREEN,679,No ebg,"46,122,3,18,6,19,1",184.41,I 4:b:-,This predicted serotype is not in the Kauffman-White scheme. ,184209,B,"I 1,4,[5],12:b:-","I 1,4,[5],12:b:-","I 1,4,[5],12:b:-",NA,NA,Java,15-151,64,37,26,4674405,52.11,8.0,
L00851-17,"2-IIIa 44:z4,z23:---1-Arizonae",CheckRequired,Check Serovar,"4:z4,z23:-",IIIa,V,,,1248477,1213087,50,84.71-salmonella--5.64-citrobacter,Off,Arizonae,GREEN,2568,No ebg,"557,24,29,83,20,26,27",64.15,"IIIa 44:z4,z23:-",,188643,V,"IIIa 44:z4,z23:-","IIIa 44:z4,z23:-","IIIa 44:z4,z23:-",NA,NA,NA,18-151,68,32,26,4691661,51.35,8.0,
S03661-03,2-Gallinarum--1-Pullorum,Pass,,Pullorum,I,D1,Variant Pullorum,,1503630,1464591,51,98.93-salmonella--5.99-citrobacter,Off,Pullorum,GREEN,2453,No ebg,"5,2,3,654,31,41,11",61.43,Gallinarum or Enteritidis,"sdf gene not detected. The predicted serotypes share the same general formula: 9:g,m:-.",471491,D1,Gallinarum,Nitra|Gallinarum|Pullorum|Berta|Enteritidis|Blegdam|Gueuletapee|Naestved|Rostock|Hillingdon,Gallinarum,2-Pullorum,NA,NA,18-151,45,20,11,4782522,52.19,3.0,
L03021-19,2-Paratyphi--1-Paratyphi B var. Java,Pass,,Paratyphi B Variant Java,I,B,Variant Java,,10685704,3000000,51,83.89-salmonella--6.31-citrobacter,Off,Paratyphi,GREEN,28,No ebg,"15,15,19,17,5,19,18",114.87,Paratyphi B var. L(+) tartrate+,"Co-existence of multiple serotypes detected, indicating potential inter-serotype contamination. See 'Extracted_antigen_alleles.fasta' for detected serotype determinant alleles. The SNP that causes d-Tartrate nonfermentating phenotype of Paratyphi B was not detected. ",225743,B,Paratyphi B var. Java,Paratyphi B|Paratyphi B var. Java|Limete,Paratyphi B var. Java,NA,NA,Java,16-151,88,32,24,5011952,51.87,8.0,
P02265-21,"2-Paratyphi--1-I 1,4,[5],12:b:-",Pass,,Paratyphi B Variant Java,I,B,Monophasic Java,,3483904,3304704,52,81.85-salmonella--6.07-citrobacter,Off,Paratyphi,GREEN,42,No ebg,"20,4,23,14,16,19,18",191.03,Paratyphi B var. L(+) tartrate+,The SNP that causes d-Tartrate nonfermentating phenotype of Paratyphi B was not detected. ,218558,B,"I 1,4,[5],12:b:-","I 1,4,[5],12:b:-",Paratyphi B var. Java,NA,NA,Java,15-151,50,29,23,4644783,52.22,7.0,
P01883-21,"1-Paratyphi--1-I 1,4,[5],12:b:---1-I 4:b:-",Pass,,Paratyphi B Variant Java,I,B,Monophasic Java,,3088651,2859855,52,81.85-salmonella--6.08-citrobacter,Off,Paratyphi,AMBER,*42,No ebg,"20,4,23,14,16,19,18",179.68,I 4:b:-,This predicted serotype is not in the Kauffman-White scheme. ,173010,B,"I 1,4,[5],12:b:-","I 1,4,[5],12:b:-",Paratyphi B var. Java,NA,NA,Java,15-151,48,32,25,4646770,52.21,8.0,
S03815-15,3-Enteritidis,Pass,,Enteritidis,I,D1,,Salmonella Enteritidis AVIPRO VAC E Vaccine Strain,2269350,2215137,51,99.87-salmonella--6.05-citrobacter,Off,Enteritidis,GREEN,11,4,"5,2,3,7,6,6,11",110.16,Enteritidis,sdf gene detected. ,491783,D1,Enteritidis,Nitra|Gallinarum|Pullorum|Berta|Enteritidis|Blegdam|Gueuletapee|Naestved|Rostock|Hillingdon,Enteritidis,2-AviproE,NA,NA,31-151,26,16,13,4699167,52.13,3.0,
L00211-13,3-Idikan,Pass,,Idikan,I,G,Monophasic Idikan,,1078786,1048415,51,79.02-salmonella--6.07-citrobacter,Off,Idikan,GREEN,1891,No ebg,"152,14,344,551,89,313,2",38.8,Idikan,,618457,G,Idikan,Idikan,Idikan,NA,MonophasicIdikan,NA,23-151,47,19,15,4688843,52.11,4.0,
S02083-05,2-Gallinarum--1-No Type,Inconclusive,PoorAssembly: MLSTcov<30x,Gallinarum ,I,D1,,NOT VACCINE STRAIN,1410567,1379950,51,98.51-salmonella--5.96-citrobacter,Off,no type,GREEN,NOVEL allele. Closest ST:92(SLV),No ebg,"5,2,3,7,31,41,*11",26.34,Gallinarum or Enteritidis,"sdf gene not detected. The predicted serotypes share the same general formula: 9:g,m:-.",438621,D1,Gallinarum,Nitra|Gallinarum|Pullorum|Berta|Enteritidis|Blegdam|Gueuletapee|Naestved|Rostock|Hillingdon,Gallinarum,srst2 result file not found,NA,NA,19-151,30,20,15,4734945,52.16,4.0,
P01935-21,3-Enteritidis,Pass,,Enteritidis,I,D1,,NOT VACCINE STRAIN,1051149,982086,52,98.28-salmonella--6.06-citrobacter,Off,Enteritidis,AMBER,*183,4,"5,2,3,7,60,6,11",49.29,Gallinarum or Enteritidis,"sdf gene not detected. The predicted serotypes share the same general formula: 9:g,m:-.",406101,D1,Enteritidis,Nitra|Gallinarum|Pullorum|Berta|Enteritidis|Blegdam|Gueuletapee|Naestved|Rostock|Hillingdon,Enteritidis,2-Wild_Type,NA,NA,15-151,48,20,16,4909532,52.2,5.0,
S02762-09,"2-Iiia--1-IIIa 18:z4,z23:-",CheckRequired,Check Serovar,"18:z4,z32:-",IIIa,undetermined,,,714948,696860,50,84.89-salmonella--5.63-citrobacter,Off,Iiia,GREEN,1413,No ebg,"56,25,28,24,355,26,27",37.46,"IIIa 18:z4,z32:-",,180658,K,"IIIa 18:z4,z23:-","IIIa 18:z4,z23:-","IIIa 18:z4,z32:-",NA,NA,NA,17-151,59,33,26,4574817,51.44,8.0,
S00223-09,1-I G:i:---1-I 13:i:---1-Kedougou,Pass,,Kedougou,I,G,Monophasic Kedougou,,1155673,1119556,51,79.28-salmonella--6.63-citrobacter,Off,Kedougou,GREEN,1543,No ebg,"417,4,15,262,95,9,141",62.36,I 13:i:-,This predicted serotype is not in the Kauffman-White scheme. ,456642,G,I G:i:-,I G:i:-,Kedougou,NA,MonophasicKedougou,NA,16-151,48,17,15,4968996,52.06,4.0,
ST646,3-Enteritidis,Pass,,Enteritidis,I,D1,,Salmonella Enteritidis Salmovac 440 Vaccine Strain,4809144,3000000,52,99.9-salmonella--6.07-citrobacter,Off,Enteritidis,AMBER,*11,4,"5,2,3,7,6,6,11",185.0,Enteritidis,sdf gene detected. ,261318,D1,Enteritidis,Nitra|Gallinarum|Pullorum|Berta|Enteritidis|Blegdam|Gueuletapee|Naestved|Rostock|Hillingdon,Enteritidis,2-Salmovac440,NA,NA,15-151,40,29,23,4644390,52.13,6.0,
L00619-17,"1-Arizonae--1-IIIb O:61:k:1,5,7--1-IIIb 61:k:1,5,(7)",Pass,,"61:k:1,5,7",IIIb,61,,,799436,793439,51,43.2-salmonella--6.41-citrobacter,Off,Arizonae,AMBER,*432,No ebg,"88,26,30,55,21,68,80",48.23,"IIIb 61:k:1,5,(7)",,267755,O:61,"IIIb O:61:k:1,5,7","IIIb O:61:k:1,5,7","IIIb 61:k:1,5,7",NA,NA,NA,31-151,55,29,25,4705950,51.36,8.0,
S09883-98,3-Kedougou,Pass,,Kedougou,I,G,,,3487145,3359754,51,79.26-salmonella--6.09-citrobacter,Off,Kedougou,GREEN,1543,No ebg,"417,4,15,262,95,9,141",164.38,Kedougou,,516460,G,Kedougou,Kedougou,Kedougou,NA,NA,NA,31-125,35,16,14,4724118,52.09,4.0,
S01242-22,3-Typhimurium,Pass,,Typhimurium,I,B,,Salmonella Typhimurium Salmoporc STM Vaccine Strain,4816215,3000000,51,99.44-salmonella--6.17-citrobacter,Off,Typhimurium,AMBER,*19,1,"10,7,12,9,5,9,2",128.82,Typhimurium,,251438,B,Typhimurium,Typhimurium|Lagos,Typhimurium,2-SalmoporcSTM,NA,NA,15-151,71,33,25,4898228,52.15,7.0,
S05419-06,3-Idikan,Pass,,Idikan,I,G,,,2403187,2322220,51,79.35-salmonella--6.04-citrobacter,Off,Idikan,GREEN,1891,No ebg,"152,14,344,551,89,313,2",119.74,Idikan,,519601,G,Idikan,Idikan,Idikan,NA,NA,NA,31-125,42,17,14,4666382,52.2,4.0,
S01134-22,3-Typhimurium,Pass,,Typhimurium,I,B,O5 variant,Salmonella Typhimurium AVIPRO VAC T Vaccine Strain,3143200,2983561,53,99.67-salmonella--6.15-citrobacter,Off,Typhimurium,GREEN,128,1,"10,7,12,9,5,55,2",186.03,Typhimurium,Detected a deletion that causes O5- variant of Typhimurium. ,376361,B,Typhimurium,Typhimurium|Lagos,Typhimurium,527E_AviproT*,NA,NA,15-151,50,25,20,4859879,52.18,5.0,
S01512-22,"2-Typhimurium--1-I 1,4,[5],12:i:-",Pass,,Monophasic Typhimurium,I,B,,,3189457,2930844,51,96.73-salmonella--6.2-citrobacter--5.75-escherichia,Off,Typhimurium,GREEN,34,1,"10,19,12,9,5,9,2",133.6,Typhimurium,,192231,B,"I 1,4,[5],12:i:-","I 1,4,[5],12:i:-",Typhimurium,NA,NA,NA,15-151,98,34,29,4969949,52.06,9.0,
S02202-18,"1-I 1,4,[5],12:d:---1-I 4:d:---1-Unnamed",Pass,,"4,12:d:-",I,B,,,2843121,2782402,51,79.65-salmonella--6.01-citrobacter,Off,Unnamed,GREEN,279,No ebg,"62,95,54,96,100,9,100",156.34,I 4:d:-,This predicted serotype is not in the Kauffman-White scheme. ,277055,B,"I 1,4,[5],12:d:-","I 1,4,[5],12:d:-","I 1,4,[5],12:d:-",NA,NA,NA,15-151,41,23,21,4771516,52.13,6.0,
P00686-20,"1-Paratyphi--1-I 1,4,[5],12:b:---1-I 4:b:-",Pass,,Paratyphi B Variant Java,I,B,Monophasic Java,,2479332,2465971,52,81.85-salmonella--6.04-citrobacter,Off,Paratyphi,AMBER,*42,No ebg,"20,4,23,14,16,19,18",155.7,I 4:b:-,This predicted serotype is not in the Kauffman-White scheme. ,272719,B,"I 1,4,[5],12:b:-","I 1,4,[5],12:b:-",Paratyphi B var. Java,NA,NA,Java,31-151,45,26,20,4647880,52.21,5.0,
Gallivac-ent-control-ST646,3-Enteritidis,Pass,,Enteritidis,I,D1,,Salmonella Enteritidis Salmovac 440 Vaccine Strain,558826,555763,52,99.77-salmonella--6.01-citrobacter,Off,Enteritidis,AMBER,*11,4,"5,2,3,7,6,6,11",33.29,Enteritidis,sdf gene detected. ,261838,D1,Enteritidis,Nitra|Gallinarum|Pullorum|Berta|Enteritidis|Blegdam|Gueuletapee|Naestved|Rostock|Hillingdon,Enteritidis,2-Salmovac440,NA,NA,32-151,31,20,18,4643591,52.13,6.0,
P01907-21,3-Typhimurium,Pass,,Typhimurium,I,B,,NOT VACCINE STRAIN,4053114,3000000,53,99.96-salmonella--6.2-citrobacter,Off,Typhimurium,GREEN,19,1,"10,7,12,9,5,9,2",203.52,Typhimurium,,172916,B,Typhimurium,Typhimurium|Lagos,Typhimurium,2-Wild_Type,NA,NA,15-151,74,38,29,4918916,52.15,9.0,
S02561-16,3-Kedougou,Pass,,Kedougou,I,G,Monophasic Kedougou,,1043143,1023117,50,79.27-salmonella--6.68-citrobacter,Off,Kedougou,GREEN,1543,No ebg,"417,4,15,262,95,9,141",33.64,Kedougou,,599460,G,Kedougou,Kedougou,Kedougou,NA,MonophasicKedougou,NA,31-151,52,18,13,5035836,52.04,4.0,
