SEROTYPE_ID	SEROTYPE_DESCRIPTION	SOMATIC	FLAGELLAR_1	FLAGELLAR_2	PHAGE_FLAG	SEROGROUP	PHAGE_TEST	PARENT_SERO	MODIFIABLE	MODIFIED_ON	MODIFIED_BY	REMOVEFLAG	REPORT_SEROTYPE
"09,46:Z:Z39"	"9,46:z:z39"	"9,46"	z	z39	F	D2	          	                              	T	07/13/2017 17:56:05	M123573	F	"9,46:z:z39"
"1,13,23:I:-"	"1,13,23:i:-"	"13,23"	i	-	F	G	I	                              	T	03/10/2014 11:26:47	M113613	F	"1,13,23:i:-"
11:-:-	11:-:-	11	-	-	F	          	          	                              	T	12/01/2020 14:57:29	M109320	F	11:-:-
"11:-:1,5"	"11:-:1,5"	11	-	"1,5"	F	F	          	                              	T	03/10/2014 11:26:47	M113613	F	"11:-:1,5"
"11:B:E,N,X"	"11:b:e,n,x"	11	b	"e,n,x"	F	F	          	                              	T	05/29/2019 13:19:29	M125992	F	"11:b:e,n,x"
11:C:-	11:c:-	11	c	-	F	F	          	                              	T	04/07/2021 17:04:11	M109320	F	11:c:-
"11:C:E,N,Z15"	"11:c:e,n,z15"	11	c	"e,n,z15"	F	F	          	                              	T	02/08/2019 14:23:15	M109320	F	"SGV 11:c:e,n,z15"
11:K:-	11:k:-	11	k	-	F	F	          	                              	T	04/29/2021 15:40:16	M109320	F	11:k:-
"11:Z4,Z23:-"	"11:z4,z23:-"	11	"z4,z23"	-	F	F	          	                              	T	03/10/2014 11:26:47	M113613	F	"11:z4,z23:-"
121:C:-	11:c:-	11	c	-	F	F	          	                              	T	04/07/2021 16:54:30	M109320	F	11:c:-
"13,22:-:1,6"	"13,22:-:1,6"	"13,22"	-	"1,6"	F	G	          	                              	T	08/05/2020 15:48:51	M109320	F	"13,22:-:1,6"
"13,22:Z29:1,5"	"13,22:Z29:1,5"	"1,13,22"	Z29	"1,5"	F	G	          	                              	T	05/12/2017 15:50:12	M109320	F	"13,22:Z29:1,5"
"13,22:Z:-"	"13,22:z:-"	"13,22"	z	-	F	G	          	                              	T	01/06/2021 15:49:12	M109320	F	"13,22:z:-"
"13,23:-:-"	"13,23:-:-"	"13,23"	-	-	F	G	          	                              	T	03/10/2014 11:26:47	M113613	F	"13,23:-:-"
"13,23:-:1,5"	"13,23:-:1,5"	"13,23"	-	"1,5"	F	G	          	                              	T	08/08/2019 16:31:05	M109320	F	"13,23:-:1,5"
"13,23:-:1,5,7"	"13,23:-:1,5,7"	"13,23"	-	"1,5,7"	F	G2	          	                              	T	05/14/2019 15:22:01	M125992	F	"13,23:-:1,5,7"
"13,23:-:1,7"	"13,23:-:1,7"	"13,23"	-	"1,7"	F	G2	          	                              	T	05/14/2019 15:22:57	M125992	F	"13,23:-:1,7"
"13,23:-:L,W"	"13,23:-:l,w"	"13,23"	-	"l,w"	F	G	          	                              	T	01/20/2020 16:08:19	M109320	F	"13,23:-:L,W"
"13,23:B:-"	"13,23:b:-"	"13,23"	b	-	F	G	          	                              	T	03/10/2014 11:26:47	M113613	F	"13,23:b:-"
"13,23:GZ51:-"	"13,23:gz51:-"	"13,23"	gz51	1	F	G	          	                              	T	08/05/2019 16:24:06	M109320	F	"13,23:GZ51:-"
"13,23:I:-"	"13,23:i:-"	"13,23"	i	-	F	G	          	                              	T	03/10/2014 11:26:47	M113613	F	"13,23:i:-"
"13,23:L,Z28:Z6"	"13,23:l,z28:z6"	"13,23"	"l,z28"	z6	F	G	          	                              	T	03/10/2014 11:26:47	M113613	F	"13,23:l,z28:z6"
"13,23:T:-"	"13,23:t:-"	"13,23"	t	-	F	G2	          	                              	T	01/11/2016 16:04:10	M125992	F	"13,23:t:-"
"13,23:Z4,Z23,Z32:-"	"13,23:z4,z23,z32:-"	"13,23"	"z4,z23,z32"	-	F	G2	          	                              	T	06/28/2019 15:12:12	M125992	F	"13,23:z4,z23,z32:-"
"13,23:Z:-"	"13,23:z:-"	"13,23"	z	-	F	G2	          	                              	T	04/22/2014 14:49:54	M123573	F	"13,23:z:-"
"13,23:Z:1,5"	"13,23:z:1,5"	"13,23"	z	"1,5"	F	G	          	                              	T	07/13/2018 15:07:43	M125992	F	"13,23:z:1,5"
"14:EH:1,7"	"14:eh:1,7"	14	eh	"1,7"	F	H	          	                              	T	12/13/2016 11:49:19	M123573	F	"14:eh:1,7"
14:Z10:Z	14:Z10:Z	14	Z10	Z	F	H	          	                              	T	08/28/2019 12:25:16	M109320	F	14:Z10:Z
16:-:-	16:-:-	16	-	-	F	I	          	                              	T	03/10/2014 11:26:47	M113613	F	16:-:-
16:B:-	16:b:-	16	b	-	F	I	          	                              	T	03/10/2014 11:26:47	M113613	F	16:b:-
"16:G,M,T:-"	"16:g,m,t:-"	16	"g,m,t"	-	F	I	          	                              	T	06/29/2018 14:52:42	M125992	F	"SGII 16:g,m,t:-"
"16:G,S,T:-"	"16:g,s,t:-"	16	"g,s,t"	-	F	I	          	                              	T	03/10/2014 11:26:47	M113613	F	"16:g,s,t:-"
16:GST:-	"16:g,s,t:-"	16	"g,s,t"	               	F	I	          	                              	T	03/10/2014 11:26:47	M113613	F	"16:g,s,t:-"
"16:M,T:-"	"16:m,t:-"	16	"m,t"	-	F	I	          	                              	T	03/10/2014 11:26:47	M113613	F	"16:m,t:-"
16:Z10:-	16:z10:-	16	z10	-	F	I	          	                              	T	03/10/2014 11:26:47	M113613	F	16:z10:-
"16:Z10:E,N,X,Z15"	"16:z10:e,n,x,z15"	16	z10	"e,n,x,z15"	F	I	          	                              	T	03/10/2014 11:26:47	M113613	F	"16:z10:e,n,x,z15"
"16:Z4,Z23:-"	"16:z4,z23:-"	16	"z4,z23"	-	F	          	          	                              	T	02/28/2018 17:26:48	M109320	F	"16:z4,z23:-"
"16:Z4,Z32:-"	"16:z4,z32:-"	16	"z4,z32"	-	F	I	          	                              	T	03/10/2014 11:26:47	M113613	F	"16:z4,z32:-"
"17:ENX,Z15:1,6"	"17:e,n,x,z15:1,6"	17	"e,n,x,z15"	"1,6"	F	j	          	                              	T	08/29/2017 11:49:44	M109320	F	"17:e,n,x,z15:1,6"
"17:G,T:-"	"17:g,t:-"	17	"g,t"	-	F	J	          	                              	T	09/07/2015 09:17:32	M123573	F	"17:g,t:-"
"17:L,V:-"	"17:l,v:-"	17	"l,v"	-	F	J	          	                              	T	12/22/2014 10:33:45	M123573	F	"17:l,v:-"
18:-:-	18:-:-	18	-	-	F	K	          	                              	T	01/05/2015 11:59:40	M123573	F	18:-:-
18:K:-	18:k:-	18	k	-	F	K	          	                              	T	03/10/2014 11:26:47	M113613	F	18:k:-
"18:L,V:Z"	"18:l,v:z"	18	"l,v"	z	F	K	          	                              	T	03/10/2014 11:26:47	M113613	F	"18:l,v:z"
"18:Z36,Z38:-"	"18:z36,z38:-"	18	"z36,z38"	-	F	K	          	                              	T	04/25/2019 15:04:28	M125992	F	"18:z36,z38:-"
"18:Z4,Z23:-"	"18:z4,z23:-"	18	"z4,z23"	-	F	K	          	                              	T	01/11/2016 10:21:46	M123573	F	"18:z4,z23:-"
"18:Z4,Z32:-"	"18:z4,z32:-"	18	"z4,z32"	-	F	K	          	                              	T	03/10/2014 11:26:47	M113613	F	"18:z4,z32:-"
"2,12:-:-"	"2,12:-:-"	"2,12"	-	-	F	A	          	                              	T	03/10/2014 11:26:47	M113613	F	"2,12:-:-"
21:-:-	21:-:-	21	-	-	F	L	          	                              	T	03/10/2014 11:26:47	M113613	F	21:-:-
"21:G,T:-"	"21:g,t:-"	21	"g,t"	-	F	L	II	                              	T	03/10/2014 11:26:47	M113613	F	"21:g,t:-"
21:Z10:-	21:z10:-	21	z10	-	F	L	          	                              	T	03/10/2014 11:26:47	M113613	F	21:z10:-
21:Z10:Z6	21:z10:z6	21	z10	z6	F	L	          	                              	T	06/22/2018 15:52:13	M109320	F	 
28:-:-	28:-:-	28	-	-	F	M	          	                              	T	05/11/2021 12:24:18	M109320	F	28:-:-
"28:-:E,N,Z15"	"28:-:e,n,z15"	28	-	"e,n,z15"	F	M	          	                              	T	04/22/2021 11:57:47	M109320	F	"28:-:e,n,z15"
28:GT:-	28:gt:-	28	gt	-	F	M	          	                              	T	02/23/2021 16:04:17	M109320	F	28:gt:-
28:I:-	28:i:-	28	i	-	F	M	I	                              	T	03/10/2014 11:26:47	M113613	F	28:i:-
"28:Z6:E,N,Z15"	"28:z6:e,n,z15"	28	z6	"e,n,z15"	F	M	          	                              	T	03/14/2019 10:53:31	M109320	F	"28:z6:e,n,z15"
"3,10:-:-"	"3,10:-:-"	"3,10"	-	-	F	E1	          	                              	T	03/10/2014 11:26:47	M113613	F	"3,10:-:-"
"3,10:-:1,5"	"3,10:-:1,5"	"3,10"	-	"1,5"	F	E1	          	                              	T	03/10/2014 11:26:47	M113613	F	"3,10:-:1,5"
"3,10:-:1,6"	"3,10:-:1,6"	"3,10"	-	"1,6"	F	E1	          	                              	T	03/10/2014 11:26:47	M113613	F	"3,10:-:1,6"
"3,10:E,H:-"	"3,10:e,h:-"	"3,10"	"e,h"	-	F	E1	          	                              	T	03/10/2014 11:26:47	M113613	F	"3,10:e,h:-"
"3,10:LV:-"	"3,10:l,v:-"	"3,10"	"l,v"	-	F	E1	          	                              	T	07/14/2014 16:14:32	M123573L	F	"3,10:l,v:-"
"3,10:Y:-"	"3,10:y:-"	"3,10"	y	-	F	E1	          	                              	T	03/10/2014 11:26:47	M113613	F	"3,10:y:-"
"3,10:Z10:-"	"3,10:z10"	"3,10"	z10	-	F	E1	          	                              	T	07/20/2020 15:25:14	M109320	F	"3,10:z10:-"
"3,15,34:-:-"	"3,15,34:-:-"	"3,15,34"	-	-	F	E1	          	                              	T	03/10/2014 11:26:47	M113613	F	"3,15,34:-:-"
"3,15:-:-"	"3,15:-:-"	"3,15"	-	-	F	E1	          	                              	T	03/10/2014 11:26:47	M113613	F	"3,15:-:-"
"3,15:-:1,5"	"3,15:-:1,5"	"3,15"	-	"1,5"	F	E1	          	                              	T	03/10/2014 11:26:47	M113613	F	"3,15:-:1,5"
"3,15:-:1,7"	"3,15:-:1,7"	"3,15"	-	"1,7"	F	E	          	                              	T	01/12/2021 17:11:13	M109320	F	"3,15:-:1,7"
"3,15:D:E,N Z15"	"3,15:d:e,n,z15"	"3,15"	d	"e,n,z15"	F	E1	          	                              	T	05/30/2017 13:30:16	M123573	F	"3,15:d:e,n,z15"
"3,15:I:1,7"	"3,15:i:1,7"	"3,15"	i	"1,7"	F	E	          	                              	T	04/17/2018 09:31:00	M123573	F	"3,15:i:1,7"
"3,15:L,V:-"	"3,15:l,v:-"	"3,15"	"l,v"	-	F	E	          	                              	T	09/29/2016 15:59:38	M125992	F	"3,15:l,v:-"
"3,15:LV:-"	"3,15:l,v:-"	"3,15"	"l,v"	-	F	E	          	                              	T	01/12/2021 17:09:09	M109320	F	"3,15:l,v:-"
"3,15:Y:-"	"3,15:y:-"	"3,15"	y	-	F	E1	          	                              	T	03/10/2014 11:26:47	M113613	F	"3,15:y:-"
"3,15:Y:1,5"	"3,15:y:1,5"	"3,15"	y	"1,5"	F	E1	          	                              	T	03/10/2014 11:26:47	M113613	F	"3,15:y:1,5"
"3,19:-:-"	"3,19:-:-"	"3,19"	-	-	F	E4	          	                              	T	03/10/2014 11:26:47	M113613	F	"3,19:-:-"
"3,19:D:-"	"3,19:d:-"	"3,19"	d	-	F	E	          	                              	T	06/19/2018 15:48:00	M109320	F	"3,19:d:-"
"3,19:ROUGH:-"	"3,19:rough:-"	"3,19"	rough	-	F	E4	          	                              	T	03/10/2014 11:26:47	M113613	F	"3,19:rough:-"
"3,19:Z27:-"	"3,19:z27:-"	"3,19"	z27	-	F	E4	          	                              	T	03/10/2014 11:26:47	M113613	F	"3,19:z27:-"
"3,19:Z45:-"	"3,19:z45:-"	"3,19"	z45	-	F	E	          	                              	T	12/12/2017 09:21:17	M123573	F	"3,19:z45:-"
30:-:-	30:-:-	30	-	-	F	N	          	                              	T	08/19/2019 14:46:23	M125992	F	30:-:-
"30:L,Z28:-"	"30:l,z28:-"	30	"l,z28"	-	F	N	          	                              	T	02/24/2015 09:43:55	M123573	F	"30:l,z28:-"
"30:L,Z28:Z6"	"30:l,z28:z6"	30	"L,Z28"	Z6	F	N	          	                              	T	11/17/2015 11:19:54	M123573	F	"30:L,Z28:Z6"
"30:LZ13,Z28:Z6"	"30:lz13,z28:z6"	30	"lz13,lz28"	z6	F	N	          	                              	T	11/20/2020 11:17:48	M123573	F	"30:lz13,z28:z6"
30:LZ28:Z6	"30:l,z28:z6"	30	"l,z28"	z6	F	N	          	                              	T	02/24/2015 09:46:36	M123573	F	"30:l,z28:z6"
35:-:-	35:-:-	35	-	-	F	O	          	                              	T	01/15/2020 15:53:31	M125992	F	35:-:-
35:D:-	35:d:-	35	d	-	F	O	          	                              	T	03/10/2014 11:26:47	M113613	F	35:d:-
35:I:-	35:i:-	35	i	-	F	O	          	                              	T	05/13/2016 15:33:53	M125992	F	35:i:-
"35:I:E,N,X,Z15"	"35:i:e,n,x,z15"	35	i	"e,n,x,z15"	F	O	          	                              	T	07/24/2017 09:25:13	M123573	F	"35:i:e,n,x,z15"
"35:I:ENX,Z15"	                                   	               	               	               	F	          	          	                              	T	08/15/2017 16:58:56	M109320	F	 
"35:R:ENX,Z15"	"35:r:enx,z15"	35	r	"enx,z15"	F	O	          	                              	T	03/10/2014 11:26:47	M113613	F	"35:r:enx,z15"
38:K:-	38:k:-	38	k	-	F	P	          	                              	T	03/20/2014 08:05:55	M125992	F	38:k:-
"38:L,V:Z"	38:lv:z	38	"l,v"	z	F	p	          	                              	T	04/04/2019 14:33:59	M109320	F	"38:l,v:z"
"38:L,V:Z50"	"38:l,v:z50"	38	"l,v"	z50	F	P	          	                              	T	12/19/2018 11:15:04	M123573	F	"38:l,v:z50"
38:R:-	38:r:-	38	r	-	F	P	          	                              	T	03/10/2014 11:26:47	M113613	F	38:r:-
38:R:Z	38:r:z	38	r	"z,[z57]"	F	P	          	                              	T	03/10/2014 11:26:47	M113613	F	38:r:z
38:Y:-	38:y:-	38	y	-	F	p	          	                              	T	03/02/2021 16:17:14	M109320	F	38:y:-
"38:Z4,Z23:-"	"38:z4,z23:-"	38	"z4,z23"	-	F	P	          	                              	T	03/10/2014 11:26:47	M113613	F	"38:z4,z23:-"
"4,12,[27]:B:E,N,X"	"4,[5],12,[27]:b:e,n,x"	"4,12,[27]"	b	"e,n,x"	F	B	          	                              	T	11/25/2020 09:58:03	M109320	F	"4,[5],12,[27]:b:e,n,x"
"4,12:-:1,6"	"4,12:-:1,6"	"4,12"	-	"1,6"	F	B	          	                              	T	03/10/2014 11:26:47	M113613	F	"4,12:-:1,6"
"4,12:A:-"	"4,12:a:-"	"4,12"	a	-	F	B	          	                              	T	03/10/2014 11:26:47	M113613	F	"4,12:a:-"
"4,12:B:-"	"4,12:b:-"	"4,12"	b	-	F	B	          	                              	T	03/10/2014 11:26:47	M113613	F	"4,12:b:-"
"4,12:C:-"	"4,12:c:-"	"4,12"	c	-	F	B	          	                              	T	06/01/2021 11:32:28	M109320	F	"4,12:c:-"
"4,12:D:-"	"4,12:d:-"	"4,12"	d	-	F	B	          	                              	T	03/10/2014 11:26:47	M113613	F	"4,12:d:-"
"4,12:E,H:-"	"4,12:e,h:-"	"4,12"	"e,h"	-	F	B	          	                              	T	03/10/2014 11:26:47	M113613	F	"4,12:e,h:-"
"4,12:L,V:-"	"4,12:l,v:-"	"4,12"	"l,v"	-	F	B	          	                              	T	03/10/2014 11:26:47	M113613	F	"4,12:l,v:-"
"4,12:M,T:-"	"4,12:m,t:-"	"4,12"	"m,t"	-	F	B	          	                              	T	10/16/2018 15:15:16	M125992	F	"4,12:m,t:-"
"4,12:ROUGH:-"	"4,12:rough:-"	"4,12"	rough	-	F	B	          	                              	T	03/10/2014 11:26:47	M113613	F	"4,12:rough:-"
"4,12:Z:-"	"4,12:z:-"	"4,12"	z	-	F	B	          	                              	T	03/10/2014 11:26:47	M113613	F	"4,12:z:-"
"4,5,12:-:1,5"	"4,5,12:-:1,5"	"4,5,12"	-	"1,5"	F	B	          	                              	T	03/10/2014 11:26:47	M113613	F	"4,5,12:-:1,5"
"4,5,12:-:ENZ15"	"4,5,12:-:e,n,z15"	"4,5,12"	-	"e,n,z15"	F	B	          	                              	T	07/14/2014 16:13:12	M123573L	F	"4,5,12:- :e,n,z15"
"4,5,12:B:-"	"4,5,12:b:-"	"4,5,12"	b	-	F	B	          	                              	T	03/10/2014 11:26:47	M113613	F	"4,5,12:b:-"
"4,5,12:D:-"	"4,5,12:d:-"	"4,5,12"	d	-	F	B	          	                              	T	03/10/2014 11:26:47	M113613	F	"4,5,12:d:-"
"4,5,12:E,H:-"	"4,5,12:e,h:-"	"4,5,12"	"e,h"	-	F	B	          	                              	T	03/10/2014 11:26:47	M113613	F	"4,5,12:e,h:-"
"4,5,12:E,H:1,7"	"4,5,12:e,h:1,7"	"4,5,12"	"e,h"	"1,7"	F	B	          	                              	T	03/10/2014 11:26:47	M113613	F	"4,5,12:e,h:1,7"
"4,5,12:ROUGH:-"	"4,5,12:rough:-"	"4,5,12"	rough	-	F	B	          	                              	T	02/24/2016 13:47:43	M123573	F	"4,5,12:rough:-"
40:-:-	40:-:-	40	-	-	F	R	          	                              	T	04/12/2017 09:55:16	M109320	F	 
"40:C:E,N,X,Z15"	"40:c:e,n,x,z15"	40	c	"e,n,x,z15"	F	R	          	                              	T	02/12/2019 14:40:26	M125992	F	"40:c:e,n,x,z15"
"40:G,M,T:-"	"40:g,m,t:-"	40	"g,m,t"	-	F	R	          	                              	T	08/08/2016 11:04:13	M123573	F	"40:g,m,t:-"
"40:G,T:-"	"40:g,t:-"	40	"g,t"	-	F	R	          	                              	T	08/08/2016 11:02:27	M123573	F	"40:g,t:-"
"40:G,T:E,N,X,Z15"	"40:g,t:e,n,x,z15"	40	"g,t"	"e,n,x,z15"	F	R	          	                              	T	09/23/2019 16:13:27	M109320	F	"40:g,t,:e,n,x,z15"
"40:Z10:E,N,X"	"40:z10:e,n,x"	40	z10	"e,n,x"	F	R	          	                              	T	04/22/2014 10:12:40	M123573	F	"40:z10:e,n,x"
"40:Z4,Z23:-"	"40:z4,z23:-"	40	"z24,z23"	-	F	R	          	                              	T	03/10/2014 11:26:47	M113613	F	"40:z4,z23:-"
"40:Z4,Z24:-"	"40:z4,z24:-"	40	"z4,z24"	-	F	R	          	                              	T	10/19/2017 14:49:10	M109320	F	"40:z4,z24:-"
"40:Z4,Z32:-"	"40:z4,z32:-"	40	"z4,z32"	-	F	R	          	                              	T	03/10/2014 11:26:47	M113613	F	"40:z4,z32:-"
41:-:-	41:-:-	41	-	-	F	S	          	                              	T	12/04/2014 13:35:47	M123573	F	41:-:-
"41:Z4,Z23,Z32:-"	"41:z4,z23,z32:-"	41	"z4,z23,z32"	-	F	S	          	                              	T	03/10/2014 11:26:47	M113613	F	"41:z4,z23,z32:-"
"41:Z4,Z23:-"	"41:z4,z23:-"	41	"z4,z23"	-	F	S	          	                              	T	03/10/2014 11:26:47	M113613	F	"41:z4,z23:-"
"42:B:E,N,X,Z15"	"42:b:e,n,x,z15"	42	b	"e,n,x,z15"	F	T	          	                              	T	03/10/2014 11:26:47	M113613	F	"42:b:e,n,x,z15"
"42:G,T:-"	"42:g,t:-"	42	"g,t"	-	F	T	II	                              	T	03/10/2014 11:26:47	M113613	F	"42:g,t:-"
42:K:-	42:k:-	42	k	-	F	T	          	                              	T	07/30/2019 16:18:36	M109320	F	42:k:-
"42:L,V:-"	"42:l,v:-"	42	"l,v"	-	F	T	          	                              	T	03/10/2014 11:26:47	M113613	F	"42:l,v:-"
"42:L,V:1,5"	"42:l,v:1,5"	42	"l,v"	"1,5"	F	T	          	                              	T	10/25/2018 10:59:58	M123573	F	"42:l,v:1,5"
"42:L,V:1,5,7"	"42:l,v:1,5,7"	42	"l,v"	"1,5,7"	F	T	          	                              	T	10/24/2016 10:17:25	M123573	F	"42:l,v:1,5,7"
"42:L,V:1,6,7"	"42:l,v:1,6,7"	42	"l,v"	"1,6,7"	F	T	          	                              	T	10/24/2016 10:10:49	M123573	F	"42:l,v:1,6,7"
42:Z10:Z6	42:z10:z6	42	z10	z6	F	T	          	                              	T	03/10/2014 11:26:47	M113613	F	42:z10:z6
"42:Z4,Z23:-"	"42:z4,z23:-"	42	"z4,z23"	-	F	T	          	                              	T	06/21/2016 14:56:18	M123573	F	"42:z4,z23:-"
"42:Z4,Z24:-"	"42:z4,z24:-"	42	"z4,z24"	-	F	T	          	                              	T	03/10/2014 11:26:47	M113613	F	"42:z4,z24:-"
"42:Z:1,5"	"42:z:1,5"	42	z	"1,5"	F	T	          	                              	T	06/24/2020 13:18:20	M123573	F	"42:z:1,5"
43:-:-	43:-:-	43	-	-	F	U	          	                              	T	08/02/2016 10:00:57	M123573	F	43:-:-
"43:Z4,Z23:-"	"43:z4,z23:-"	43	"z4,z23"	-	F	U	          	                              	T	04/04/2017 15:46:43	M109320	F	"43:z4,z23:-"
"43:Z4,Z24:-"	"43:z4,z24:-"	43	"z4,z24"	-	F	U	          	                              	T	03/10/2014 11:26:47	M113613	F	"43:z4,z24:-"
"43:Z4,Z32:-"	"43:z4,z32:-"	43	"z4,z32"	-	F	U	          	                              	T	03/10/2014 11:26:47	M113613	F	"43:z4,z32:-"
44:-:-	44:-:-	44	-	-	F	          	          	                              	T	09/18/2019 11:29:09	M109320	F	44:-:-
"44:Z10:1,7"	"44:z10:1,7"	44	"z10:1,7"	-	F	V	          	                              	T	10/05/2016 09:58:32	M159379	F	"44:z10:1,7"
"44:Z4,Z23,Z32:-"	"44:z4,z23,z32"	44	"z4,z23,z32"	-	F	V	          	                              	T	05/21/2021 16:25:26	M109320	F	"44:z4,z23,z32"
"44:Z4,Z23:-"	"44:z4,z23:-"	44	"z4,z23"	-	F	V	          	                              	T	03/10/2014 11:26:47	M113613	F	"44:z4,z23:-"
"44:Z4,Z24:-"	"44:z4,z24:-"	44	"z4,z24"	-	F	V	          	                              	T	03/10/2014 11:26:47	M113613	F	"44:z4,z24:-"
"44:Z4,Z32:-"	"44:z4,z32:-"	44	"z4,z32"	-	F	V	          	                              	T	03/10/2014 11:26:47	M113613	F	"44:z4,z32:-"
"45:G,Z51:-"	"45:g,z51:-"	45	"g,z51"	-	F	W	          	                              	T	03/10/2014 11:26:47	M113613	F	"45:g,z51:-"
"45:Z36,Z38:-"	"45:z36,z38:-"	45	"z36,z38"	-	F	W	          	                              	T	03/10/2014 11:26:47	M113613	F	"45:z36,z38:-"
47:-:-	47:-:-	47	-	-	F	X	          	                              	T	03/10/2014 11:26:47	M113613	F	47:-:-
"47:A:1,5"	"47:a:1,5"	47	a	"1,5"	F	X	          	                              	T	03/10/2014 11:26:47	M113613	F	"47:a:1,5"
"47:B:1,5"	"47:b:1,5"	47	b	"1,5"	F	47	          	                              	T	09/07/2017 16:25:46	M109320	F	"47:b;1,5"
"47:B:E,N,X,Z15"	"47:b:e,n,x,z15"	47	b	"e,n,x,z15"	F	X	          	                              	T	11/23/2018 12:15:46	M123573	F	"47:b:e,n,x,z15"
47:C:-	47:c:-	47	c	-	F	X	          	                              	T	06/11/2019 15:44:19	M125992	F	47:c:-
47:D:Z39	47:d:z39	47	d	z39	F	          	          	                              	T	08/13/2018 14:10:22	M109320	F	47:d:z39
47:K:-	47:k:-	47	k	-	F	X	          	                              	T	03/10/2014 11:26:47	M113613	F	47:k:-
47:K:Z35	47:k:z35	47	k	z35	F	X	          	                              	T	03/10/2014 11:26:47	M113613	F	47:k:z35
47:ROUGH:-	47:rough:-	47	rough	-	F	X	          	                              	T	02/05/2015 10:20:09	M123573	F	47:rough:-
47:Z10:-	47:Z10:-	47	Z10	-	F	          	          	                              	T	04/08/2020 12:30:28	M109320	F	47:Z10:-
47:Z10:Z35	47:z10:z35	47	z10	z35	F	          	          	                              	T	10/28/2019 16:13:44	M109320	F	47:z10:z35
"47:Z4,Z23:-"	"47:z4,z23:-"	47	"z4,z23"	-	F	X	          	                              	T	03/10/2014 11:26:47	M113613	F	"47:z4,z23:-"
48:-:-	48:-:-	48	-	-	F	Y	          	                              	T	03/10/2014 11:26:47	M113613	F	48:-:-
"48:-:1,5"	"48:-:1,5"	48	-	"1,5"	F	Y	          	                              	T	03/10/2014 11:26:47	M113613	F	"48:-:1,5"
48:D:Z6	48:d:z6	48	d	z6	F	Y	          	                              	T	03/10/2014 11:26:47	M113613	F	48:d:z6
"48:G,Z51:-"	"48:g,z51:-"	48	"g,z51"	-	F	Y	          	                              	T	03/10/2014 11:26:47	M113613	F	"48:g,z51:-"
48:I:-	48:i:-	48	i	-	F	y	          	                              	T	05/20/2020 13:10:43	M123573	F	48:i:-
48:I:Z	48:i:z	48	i	z	F	          	          	                              	T	08/16/2018 16:15:46	M109320	F	48:i:z
"48:K:1,5,7"	"48:k:1,5,7"	48	k	"1,5,7"	F	Y	          	                              	T	09/09/2016 14:30:51	M123573	F	"48:k:1,5,7"
"48:L,V:1,5"	"48:l,v:1,5"	48	"l,v"	"1,5"	F	Y	          	                              	T	03/10/2014 11:26:47	M113613	F	"48:l,v:1,5"
"48:L,V:1,5,7"	"48:l,v:1,5,7"	48	"l,v"	"1,5,7"	F	Y	          	                              	T	03/10/2014 11:26:47	M113613	F	"48:l,v:1,5,7"
48:R:Z	48:r:z	48	r	z	F	Y	          	                              	T	03/10/2014 11:26:47	M113613	F	48:r:z
"48:Z10:1,5"	"48:z10:1,5"	48	z10	"1,5"	F	          	          	                              	T	08/17/2018 14:08:15	M109320	F	"48:z10:1,5"
"48:Z4,Z24:-"	"48:z4,z24:-"	48	"z4,z24"	-	F	Y	          	                              	T	04/28/2015 10:18:15	M125992	F	"48:z4,z24:-"
"48:Z4,Z32:-"	"48:z4,z32:-"	48	"z4,z32"	-	F	Y	          	                              	T	04/11/2014 14:26:33	M123573	F	48:z4:z32:-
48:Z52:Z	48:z52:z	48	z52	z	F	Y	          	                              	T	03/10/2014 11:26:47	M113613	F	48:z52:z
50:-:-	50:-:-	50	-	-	F	Z	          	                              	T	12/22/2014 10:51:21	M123573	F	50:-:-
50:B:-	50:b:-	50	b	-	F	Z	          	                              	T	12/22/2014 10:28:08	M123573	F	50:b:-
50:B:Z6	50:b:z6	50	b	z6	F	Z	          	                              	T	03/10/2014 11:26:47	M113613	F	50:b:z6
"50:G,Z51:-"	"50:g,z51:-"	50	"g,z51"	-	F	          	          	                              	T	03/10/2014 11:26:47	M113613	F	"50:g,z51:-"
50:K:Z	50:k:z	50	k	z	F	Z	          	                              	T	03/10/2014 11:26:47	M113613	F	50:k:z
"50:L,V:Z35"	"50:l,v:z35"	50	"l,v"	z35	F	Z	          	                              	T	03/10/2014 11:26:47	M113613	F	"50:l,v:z35"
50:R:-	50:r:-	50	r	-	F	Z	          	                              	T	03/10/2014 11:26:47	M113613	F	50:r:-
"50:R:1,5,7"	"50:r:1,5,7"	50	r	"1,5,7"	F	          	          	                              	T	11/27/2020 12:26:25	M109320	F	"50:r:1,5,7"
50:R:Z	50:r:z	50	r	z	F	Z	          	                              	T	03/10/2014 11:26:47	M113613	F	50:r:z
50:R:Z35	50:r:z35	50	r	z35	F	z	          	                              	T	11/12/2020 12:15:12	M109320	F	50:r:z35
"50:Z4,Z24:-"	"50:z4,z24:-"	50	"z4,z24"	-	F	Z	          	                              	T	03/10/2014 11:26:47	M113613	F	"50:z4,z24:-"
50:Z67:-	50:Z67:-	50	Z67	               	F	z	          	                              	T	08/24/2015 15:06:50	M125992	F	50:Z67:-
50:Z:Z52	50:z:z52	50	z	z52	F	          	          	                              	T	05/17/2021 16:31:43	M109320	F	50:z:z52
51:-:-	51:-:-	51	-	-	F	51	          	                              	T	03/10/2014 11:26:47	M113613	F	51:-:-
"51:Z4,Z23:-"	"51:Z4,Z23:-"	51	"Z4,Z23"	-	F	51	          	                              	T	03/10/2014 11:26:47	M113613	F	"51:Z4,Z23:-"
53:-:-	53:-:-	53	-	-	F	53	          	                              	T	03/10/2014 11:26:47	M113613	F	53:-:-
"53:K:E,N,X,Z15"	"53:k:e,n,x,z15"	53	k	"e,n,x,z15"	F	53	          	                              	T	10/26/2016 15:33:29	M125992	F	"SGIIIb 53:k:e,n,x,z15"
53:Z10:Z35	53:z10:z35	53	z10	z35	F	53	          	                              	T	03/10/2014 11:26:47	M113613	F	53:z10:z35
55:K:Z39	55:k:z39	55	k	z39	F	55	          	                              	T	03/10/2014 11:26:47	M113613	F	55:k:z39
"56:Z4,Z23,Z32:-"	"56:z4,z23,z32:-"	56	"z4,z23,z32"	-	F	56	          	                              	T	01/20/2015 14:42:58	M123573	F	"56:z4,z23,z32:-"
"56:Z4,Z23:-"	"56:z4,z23:-"	56	"z4,z23"	-	F	56	          	                              	T	03/10/2014 11:26:47	M113613	F	"56:z4,z23:-"
57:C:Z	57:c:z	57	c	z	F	57	          	                              	T	03/10/2014 11:26:47	M113613	F	57:c:z
58:A:Z6	58:a:z6	58	a	z6	F	          	          	                              	T	03/24/2021 16:07:52	M109320	F	58:a:z6
58:C:Z6	58:c:z6	58	c	z6	F	58	          	                              	T	03/10/2014 11:26:47	M113613	F	58:c:z6
"58:L,Z13,Z28:Z6"	"58:l,z13,z28:z6"	58	"l,z13,z28"	z6	F	58	          	                              	T	03/10/2014 11:26:47	M113613	F	"58:l,z13,z28:z6"
58:R:-	58:r:-	58	r	-	F	58	          	                              	T	09/21/2017 10:13:16	M123573	F	58:r:-
58:R:Z53	58:r:z53	58	r	z53:z57	F	58	          	                              	T	03/10/2014 11:26:47	M113613	F	58:r:z53
"6,14:A:1,5"	"6,14:a:1,5"	"6,14"	a	"1,5"	F	H	          	                              	T	08/17/2018 14:16:36	M109320	F	"6,14:a:1,5"
"6,14:Z10:Z"	"6,14:z10:z"	"6,14"	z10	"z,z56"	F	H	          	                              	T	03/10/2014 11:26:47	M113613	F	"6,14:z10:z"
"6,7,14:-:-"	"6,7,14:-:-"	"6,7,14"	-	-	F	C1	          	                              	T	03/10/2014 11:26:47	M113613	F	"6,7,14:-:-"
"6,7:-:-"	"6,7:-:-"	"6,7"	-	-	F	C1	          	                              	T	08/17/2018 16:33:43	M109320	F	"6,7:-:-"
"6,7:-:1,5"	"6,7:-:1,5"	"6,7"	-	"1,5"	F	C1	          	                              	T	03/10/2014 11:26:47	M113613	F	"6,7:-:1,5"
"6,7:-:ENZ15"	"6,7:-:enz15"	"6,7"	-	enz15	F	C1	          	                              	T	03/10/2014 11:26:47	M113613	F	"6,7:-:enz15"
"6,7:-:L,W"	"6,7:-l,w"	"6,7"	-	"l,w"	F	c	          	                              	T	09/06/2017 14:58:59	M109320	F	"6,7:-:l,w"
"6,7:-:Z15"	"6,7:-:z15"	"6,7"	-	z15	F	C1	          	                              	T	11/24/2017 14:32:42	M109320	F	"6,7:-:Z15"
"6,7:B:-"	"6,7:b:-"	"6,7"	b	-	F	C1	          	                              	T	03/10/2014 11:26:47	M113613	F	"6,7:b:-"
"6,7:D:-"	"6,7:d:-"	"6,7"	d	-	F	C1	          	                              	T	03/10/2014 11:26:47	M113613	F	"6,7:d:-"
"6,7:E,H:-"	"6,7:e,h:-"	"6,7"	"e,h"	-	F	C1	          	                              	T	03/10/2014 11:26:47	M113613	F	"6,7:e,h:-"
"6,7:G,T:-"	"6,7:g,t:-"	"6,7"	"g,t"	-	F	C	II	                              	T	03/10/2014 11:26:47	M113613	F	"6,7:g,t:-"
"6,7:K:-"	"6,7:k:-"	"6,7"	k	-	F	C1	          	                              	T	03/10/2014 11:26:47	M113613	F	"6,7:k:-"
"6,7:L,W:-"	"6,7:l,w:-"	"6,7"	"l,w"	-	F	C1	          	                              	T	03/10/2014 11:26:47	M113613	F	"6,7:l,w:-"
"6,7:LZ13,LZ28:-"	"6,7:l,z13,z28:-"	"6,7"	"l,z13,z28"	-	F	C1	          	                              	T	05/18/2020 14:32:42	M123573	F	"6,7:l,z13,z28:-"
"6,7:M,T:-"	"6,7:m,t:-"	"6,7"	"m,t"	-	F	C	          	                              	T	03/10/2014 11:26:47	M113613	F	"6,7:m,t:-"
"6,7:ROUGH:-"	"6,7:rough:-"	"6,7"	rough	-	F	C1	          	                              	T	03/10/2014 11:26:47	M113613	F	"6,7:rough:-"
"6,7:Z10:-"	"6,7:z10:-"	"6,7"	z10	-	F	C1	          	                              	T	03/10/2014 11:26:47	M113613	F	"6,7:z10:-"
"6,7:Z4,Z23:-"	"6,7:z4,z23:-"	"6,7"	"z4,z23"	-	F	C1	          	                              	T	03/10/2014 11:26:47	M113613	F	"6,7:z4,z23:-"
"6,7:Z:-"	"6,7:z:-"	"6,7"	z	-	F	C	          	                              	T	05/29/2020 16:06:01	M109320	F	"6,7:z:-"
"6,7:Z:1,5"	"6,7:z:1,5"	"6,7"	z	"1,5"	F	C1	          	                              	T	03/10/2014 11:26:47	M113613	F	"6,7:z:1,5"
"6,7:Z:LZ28"	"6,7:z:lz28"	"6,7"	z	lz28	F	c	          	                              	T	05/23/2019 17:15:07	M109320	F	"6,7:z:lz28"
"6,8:-:-"	"6,8:-:-"	"6,8"	-	-	F	C2	          	                              	T	03/10/2014 11:26:47	M113613	F	"6,8:-:-"
"6,8:-:1,2"	"6,8:-:1,2"	"6,8"	               	"1,2"	F	C2	          	                              	T	03/10/2014 11:26:47	M113613	F	"6,8:-:1,2"
"6,8:-:1,5"	"6,8:-:1,5"	"6,8"	-	"1,5"	F	C	          	                              	T	03/28/2014 15:58:20	M125992	F	 
"6,8:-:E,N,X"	"6,8:-:e,n,x"	"6,8"	-	"e,n,x"	F	c2	          	                              	T	03/18/2020 15:17:49	M109320	F	"6,8:-:e,n,x"
"6,8:-:E,N,X15"	"6,8:-:e,n,z15"	"6,8"	-	"e,n,z15"	F	C2	          	                              	T	11/27/2017 09:25:07	M123573	F	"6,8:-:e,n,z15"
"6,8:-:E,N,Z15"	"6,8:-:e,n,z15"	"6,8"	-	"e,n,z15"	F	C2	          	                              	T	11/27/2017 11:59:26	M123573	F	"6,8:-:e,n,z15"
"6,8:B:-"	"6,8:b:-"	"6,8"	b	-	F	C2	          	                              	T	04/04/2014 09:22:39	M123573	F	"6,8:b:-"
"6,8:C:-"	"6,8:c:-"	"6,8"	c	-	F	C2	          	                              	T	03/10/2014 11:26:47	M113613	F	"6,8:c:-"
"6,8:D:-"	"6,8:d:-"	"6,8"	d	-	F	C2	          	                              	T	03/10/2014 11:26:47	M113613	F	"6,8:d:-"
"6,8:E,H:-"	"6,8:e,h:-"	"6,8"	"e,h"	-	F	C2	          	                              	T	03/10/2014 11:26:47	M113613	F	"6,8:e,h:-"
"6,8:R:-"	"6,8:r:-"	"6,8"	r	-	F	C2	          	                              	T	05/07/2015 16:49:14	M123573	F	"6,8:r:-"
"6,8:Z:-"	"6,8:z:-"	"6,8"	z	-	F	C2	          	                              	T	03/10/2014 11:26:47	M113613	F	"6,8:z:-"
60:-:-	60:-:-	60	-	-	F	          	          	                              	T	06/21/2021 14:39:15	M109320	F	60:-:-
60:A:Z6	60:a:z6	60	a	z6	F	60	          	                              	T	07/14/2020 10:09:10	M123573	F	60:a:z6
60:R:Z	60:r:z	60	r	z	F	60	          	                              	T	12/16/2016 15:15:57	M109320	F	60:r:z
61:-:-	61:-:-	61	-	-	F	61	          	                              	T	06/11/2014 11:02:44	M123573	F	61:-:-
"61:-:1,5"	"61:-:1,5"	61	-	"1,5"	F	61	          	                              	T	03/10/2014 11:26:47	M113613	F	"61:-:1,5"
"61:-:1,5,7"	"61:-:1,5,7"	61	-	"1,5,7"	F	61	          	                              	T	03/10/2014 11:26:47	M113613	F	"61:-:1,5,7"
61:C:Z35	61:c:z35	61	c	z35	F	61	          	                              	T	03/10/2014 11:26:47	M113613	F	61:c:z35
61:I:Z	61:i:z	61	i	z	F	61	          	                              	T	03/10/2014 11:26:47	M113613	F	61:i:z
61:I:Z53	61:i:z53	61	i	z53	F	61	          	                              	T	03/10/2014 11:26:47	M113613	F	61:i:z53
61:K:-	61:k:-	61	k	-	F	61	          	                              	T	10/11/2016 16:05:20	M123573	F	61:k:-
"61:K:1,5"	"61:k:1,5"	61	k	"1,5"	F	61	          	                              	T	03/10/2014 11:26:47	M113613	F	"61:k:1,5"
"61:K:1,5,7"	"61:k:1,5,7"	61	k	"1,5,7"	F	61	          	                              	T	03/10/2014 11:26:47	M113613	F	"61:k:1,5,7"
"61:L,V:1,5"	"61:l,v:1,5"	61	"l,v"	"1,5"	F	61	          	                              	T	05/26/2016 14:48:38	M123573	F	"61:l,v:1,5"
"61:L,V:1,5,7"	"61:l,v:1,5,7"	61	"l,v"	"1,5,7"	F	61	          	                              	T	06/13/2019 12:54:15	M125992	F	"61:l,v:1,5,7"
61:R:-	61:r:-	61	r	-	F	61	          	                              	T	05/13/2016 15:13:28	M125992	F	61:r:-
61:Z52:-	61:z52:-	61	z52	-	F	61	          	                              	T	03/10/2014 11:26:47	M113613	F	61:z52:-
"61:Z52:1,5,7"	"61:Z52:1,5,7"	61	Z52	"1,5,7"	F	61	          	                              	T	03/10/2014 11:26:47	M113613	F	"61:Z52:1,5,7"
66:-:-	66:-:-	66	-	-	F	          	          	                              	T	07/24/2020 12:02:28	M109320	F	66:-:-
66:Z41:-	66:z41:-	66	z41	-	F	66	          	                              	T	03/10/2014 11:26:47	M113613	F	66:z41:-
"8,20:Z4,Z23:-"	"8,20:z4,z23:-"	"8,20"	"z4,z23"	-	F	C3	          	                              	T	03/10/2014 11:26:47	M113613	F	"8,20:z4,z23:-"
"9,12,27:C:-"	"9,12,27:c:-"	"9,12,27"	c	-	F	D	          	                              	T	03/03/2016 14:06:51	M123573	F	"9,12,27:c:-"
"9,12:-:1,5"	"9,12:-:1,5"	"9,12"	-	"1,5"	F	D	          	                              	T	04/16/2018 12:08:02	M123573	F	"9,12:-:1,5"
"9,12:B:Z39"	"9,12:b:z39"	"9,12"	b	z39	F	D	          	                              	T	10/24/2019 10:46:43	M109320	F	"9,12:b:z39"
"9,12:E,H:-"	"9,12:e,h:-"	"9,12"	"e,h"	-	F	D	          	                              	T	03/05/2015 12:04:38	M123573	F	"9,12:e,h:-"
"9,12:G,S,T:E,N,X"	"9,12:g,s,t:e,n,x"	"9,12"	"g,s,t"	"e,n,x"	F	D	II	                              	T	03/10/2014 11:26:47	M113613	F	"9,12:g,s,t:e,n,x"
"9,12:GT:-"	"9,12:gt:-"	"9,12"	gt	1	F	D	          	                              	T	04/18/2019 15:32:05	M109320	F	"9,12:GT:-"
"9,12:L,V:-"	"9,12:l,v:-"	"9,12"	"l,v"	-	F	D	          	                              	T	03/10/2014 11:26:47	M113613	F	"9,12:l,v:-"
"9,12:Z29:1,5"	"9,12:z29:1,5"	"9,12"	z29	"1,5"	F	D1	          	                              	T	08/15/2017 17:02:50	M109320	F	 
"9,12:Z6:-"	"9,12:z6:-"	"9,12"	z6	-	F	D	          	                              	T	11/09/2017 14:33:32	M109320	F	"9,12:Z6:-"
"9,46:-:-"	"9,46:-:-"	"9,46"	-	-	F	D2	          	                              	T	03/10/2014 11:26:47	M113613	F	"9,46:-:-"
"9:G,M:-"	"9:g,m:-"	9	"g,m"	-	F	D	          	                              	T	03/10/2014 11:26:47	M113613	F	"9:g,m:-"
AARHUS	Aarhus	18	"z4,z23"	z64	F	K	          	                              	T	03/10/2014 11:26:47	M113613	F	S. Aarhus
ABAETETUBA	Abaetetuba	11	k	"1,5"	F	F	          	                              	T	03/10/2014 11:26:47	M113613	F	S. Abaetetuba
ABERDEEN	Aberdeen	11	i	"1,2"	F	F	          	                              	T	03/10/2014 11:26:47	M113613	F	S. Aberdeen
ABONY	Abony	"1,4,[5],12"	b	"e,n,x"	F	B	          	                              	T	03/10/2014 11:26:47	M113613	F	S. Abony
ABORTUSOVIS	Abortusovis	"4,12"	c	"1,6"	F	B	          	                              	T	12/08/2020 15:34:29	M109320	F	S.Abortusovis
ADAMSTUA	Adamstua	11	"e,h"	"1,6"	F	F	          	                              	T	03/10/2014 11:26:47	M113613	F	S. Adamstua
ADELAIDE	Adelaide	35	"f,g"	-	F	O	          	                              	T	03/10/2014 11:26:47	M113613	F	S. Adelaide
ADJAME	Adjame	"13,23"	r	"1,6"	F	G	          	                              	T	01/29/2015 12:39:46	M113613	F	S.Adjame
AFRICANA	Africana	"4,12"	"r,i"	"l,w"	F	B	          	                              	T	03/10/2014 11:26:47	M113613	F	S. Africana
AGAMA	Agama	"4,12"	i	"1,6"	F	B	          	                              	T	03/10/2014 11:26:47	M113613	F	S. Agama
AGBENI	Agbeni	"1,13,23"	"g,m,[s],[t]"	-	F	G	          	                              	T	03/10/2014 11:26:47	M113613	F	S. Agbeni
AGO	Ago	30	z38	-	F	N	          	                              	T	03/10/2014 11:26:47	M113613	F	S. Ago
AGODI	Agodi	35	"g,t"	-	F	O	          	                              	T	03/10/2014 11:26:47	M113613	F	S. Agodi
AGONA	Agona	"1,4,[5],12"	"f,g,s"	"[1,2]"	F	B	          	                              	T	03/10/2014 11:26:47	M113613	F	S. Agona
AGOUEVE	Agoueve	"13,22"	z29	-	F	G	          	                              	T	03/10/2014 11:26:47	M113613	F	S. Agoueve
AHMADI	Ahmadi	"3,19"	d	"1,5"	F	E4	          	                              	T	01/08/2016 15:59:39	M125992	F	S Ahmadi
AHUZA	Ahuza	43	k	"1,5"	F	U	          	                              	T	03/10/2014 11:26:47	M113613	F	S. Ahuza
AJIOBO	Ajiobo	"13,23"	"z4,z23"	-	F	G	          	                              	T	03/10/2014 11:26:47	M113613	F	S. Ajiobo
ALABAMA	Alabama	"9, 12"	c	"e, n, z15"	F	          	          	                              	T	03/10/2014 11:26:47	M113613	F	S. Alabama
ALACHUA	Alachua	35	"z4,z23"	-	F	O	          	                              	T	03/10/2014 11:26:47	M113613	F	S. Alachua
ALBANY	Albany	"8,20"	"z4,z24"	-	F	C3	          	                              	T	03/10/2014 11:26:47	M113613	F	S. Albany
ALBERT	Albert	"4,12"	z10	"e,n,x"	F	B	          	                              	T	11/26/2018 14:50:19	M109320	F	S. Albert
ALMINKO	Alminko	"8,20"	"g,s,t"	-	F	C3	          	                              	T	07/02/2018 15:49:39	M109320	F	S. Alminko
ALPENQUAI	Alpenquai	"6,14"	"l,v"	"e,n,z15"	F	H	          	                              	T	01/08/2016 14:10:25	M125992	F	S Alpenquai
ALTONA	Altona	"8,20"	r[i]	z6	F	C3	          	                              	T	03/10/2014 11:26:47	M113613	F	S. Altona
AMAGER	Amager	"3,10"	y	"1,2"	F	E1	          	                              	T	03/10/2014 11:26:47	M113613	F	S. Amager
AMERSFOORT	Amersfoort	"6,7,14"	d	"e,n,x"	F	C1	          	                              	T	03/10/2014 11:26:47	M113613	F	S. Amersfoort
AMSTERDAM	Amsterdam	"3,10"	"g,m,s"	-	F	E1	          	                              	T	03/10/2014 11:26:47	M113613	F	S. Amsterdam
ANATUM	Anatum	"3,10"	"e,h"	"1,6"	F	E1	          	                              	T	03/10/2014 11:26:47	M113613	F	S. Anatum
ANATUM 15+ 34+ VAR MINNEAPOLIS	Anatum 15+ 34+ var Minneapolis	"3,15,34"	eh	"1,6"	F	          	          	                              	T	03/10/2014 11:26:47	M113613	F	S. Anatum 15+ 34+ var Minneapolis
ANATUM VAR 15+ (NEWINGTON)	Anatum var 15+ (Newington)	"3,15"	"e,h"	"1,6"	F	E2	          	                              	T	03/10/2014 11:26:47	M113613	F	S. Anatum var 15+ (Newington)
ANECHO	Anecho	35	"g,s,t,"	-	F	O	          	                              	T	03/10/2014 11:26:47	M113613	F	S. Anecho
ANGODA	Angoda	30	k	"e,n,x"	F	N	          	                              	T	05/11/2016 15:27:53	M123573	F	S. Angoda
ANK	Ank	28	k	"e,n,z15"	F	M	          	                              	T	03/10/2014 11:26:47	M113613	F	S. Ank
APAPA	Apapa	45	"m,t"	-	F	W	          	                              	T	03/10/2014 11:26:47	M113613	F	S. Apapa
APEYEME	Apeyeme	"8,20"	z38	-	F	c3	          	                              	T	12/23/2016 14:35:50	M109320	F	S.Apeyeme
AQUA	AQUA	30	K	"1,6"	F	N	          	                              	T	04/15/2019 14:49:16	M109320	F	S.AQUA
ARECHAVALETA	Arechavaleta	"4,[5],12"	a	"1,7"	F	B	          	                              	T	03/10/2014 11:26:47	M113613	F	S. Arechavaleta
AUGUSTENBORG	Augustenborg	"6,7"	i	"1,2"	F	C1	          	                              	T	11/28/2016 16:00:22	M125992	F	S. Augustenborg
BAILDON	Baildon	"9,46"	a	"e,n,x"	F	D2	          	                              	T	03/10/2014 11:26:47	M113613	F	S. Baildon
BAMBOYE	Bamboye	"9,46"	b	"l,w"	F	D2	          	                              	T	03/10/2014 11:26:47	M113613	F	S. Bamboye
BANANA	Banana	"1,4,[5],12"	"m,t"	"[1,5]"	F	B	          	                              	T	03/10/2014 11:26:47	M113613	F	S. Banana
BARDO	Bardo	8	"e,h"	"1,2"	F	C3	          	                              	T	03/10/2014 11:26:47	M113613	F	S. Bardo
BAREILLY	Bareilly	"6,7,14"	y	"1,5"	F	C4	          	                              	T	03/10/2014 11:26:47	M113613	F	S. Bareilly
BEAUDESERT	Beaudesert	"[1],6,14,[25]"	"e,h"	"1,7"	F	H	          	                              	T	03/10/2014 11:26:47	M113613	F	S. Beaudesert
BENFICA	Benfica	"3,10"	b	"e,n,x"	F	          	          	                              	T	11/26/2020 12:00:27	M109320	F	S.Benfica
BERE	Bere	47	"z4,z23"	z6	F	X	          	                              	T	03/10/2014 11:26:47	M113613	F	S. Bere
BERGEDORF	Bergedorf	"9,46"	"e,h"	"1,2"	F	D2	          	                              	T	09/17/2018 16:26:39	M123573	F	S. Bergedorf
BERGEN	Bergen	47	i	"e,n,z15"	F	X	          	                              	T	03/10/2014 11:26:47	M113613	F	S. Bergen
BERKELEY	Berkeley	43	a	"1,5"	F	U	          	                              	T	03/10/2014 11:26:47	M113613	F	S. Berkeley
BERLIN	Berlin	17	d	"1,5"	F	J	          	                              	T	06/19/2018 14:42:27	M125992	F	S. Berlin
BERTA	Berta	"1,9,12"	"[f],g,[t]"	-	F	D1	          	                              	T	03/10/2014 11:26:47	M113613	F	S. Berta
BIAFRA	Biafra	"3,10"	z10	z6	F	E	          	                              	T	05/25/2018 11:53:34	M109320	F	Biafra
BISPEBJERG	Bispebjerg	"1,4,[5],12"	a	"e,n,x"	F	B	          	                              	T	03/10/2014 11:26:47	M113613	F	S. Bispebjerg
BLIJDORP	Blijdorp	"1,6,14,25"	c	"1,5"	F	H	          	                              	T	03/10/2014 11:26:47	M113613	F	S. Blijdorp
BLOCKLEY	Blockley	"6,8"	k	"1,5"	F	C2	          	                              	T	03/10/2014 11:26:47	M113613	F	S. Blockley
BLUKWA	Blukwa	18	"z4,z24"	-	F	K	          	                              	T	09/04/2015 13:23:00	M125992	F	Blukwa
BOCHUM	Bochum	"4,[5],12"	r	"l,w"	F	B	          	                              	T	06/11/2021 13:08:54	M123573	F	S. Bochum
BONN	Bonn	"6,7"	"l,v"	"e,n,x"	F	c	          	                              	T	06/04/2015 14:49:32	M123573L	F	S. Bonn
BOUSSO	Bousso	"6,14,25"	"z4,z23"	               	F	          	          	                              	T	11/26/2020 11:59:15	M109320	F	S. Bousso
BOVISMORBIFICANS	Bovismorbificans	"6,8,20"	"r,[i]"	"1,5"	F	C2	          	                              	T	03/10/2014 11:26:47	M113613	F	S. Bovismorbificans
BRACKNELL	Bracknell	"13,23"	b	"1,6"	F	G	          	                              	T	03/10/2014 11:26:47	M113613	F	S. Bracknell
BRADFORD	Bradford	"4,12,27"	r	"1,5"	F	B	          	                              	T	03/10/2014 11:26:47	M113613	F	S. Bradford
BRAENDERUP	Braenderup	"6,7,14"	"e,h"	"e,n,z15"	F	C4	          	                              	T	03/10/2014 11:26:47	M113613	F	S. Braenderup
BRANCASTER	Brancaster	"1,4,12,27"	z29	-	F	B	          	                              	T	03/10/2014 11:26:47	M113613	F	S. Brancaster
BRANDENBURG	Brandenburg	"1,4,[5],12"	"l,v"	"e,n,z15"	F	B	          	                              	T	03/10/2014 11:26:47	M113613	F	S. Brandenburg
BREDENEY	Bredeney	"1,4,12,27"	"l,v"	"1,7"	F	B	          	                              	T	03/10/2014 11:26:47	M113613	F	S. Bredeney
BRON	Bron	"13,22"	"g,m"	               	F	G	          	                              	T	06/08/2018 14:19:35	M125992	F	S. Bron
BUDAPEST	Budapest	"4,12"	"g,t"	-	F	B	          	                              	T	03/10/2014 11:26:47	M113613	F	S. Budapest
BUTANTAN	Butantan	"3,10"	b	"1,5"	F	E1	          	                              	T	03/10/2014 11:26:47	M113613	F	S. Butantan
BUZU	Buzu	"6,14,25"	i	"1,7"	F	H	          	                              	T	03/10/2014 11:26:47	M113613	F	S. Buzu
CAIRINA	Cairina	"3,10"	z35	z6	F	I	          	                              	T	03/10/2014 11:26:47	M113613	F	S. Cairina
CALIFORNIA	California	"4,12"	"g,m,t"	-	F	B	          	                              	T	03/10/2014 11:26:47	M113613	F	S. California
CANADA	Canada	"4,12"	b	"1,6"	F	B	          	                              	T	03/10/2014 11:26:47	M113613	F	S. Canada
CANNSTATT	Cannstatt	"1,3,19"	"m,t"	-	F	E4	          	                              	T	03/10/2014 11:26:47	M113613	F	S. Cannstatt
CARACAS	Caracas	"6,14,25"	"g,m,s"	-	F	H	          	                              	T	12/11/2017 13:02:18	M176745	F	S. Caracas
CARMEL	Carmel	17	"l,v"	"e,n,x"	F	J	          	                              	T	03/10/2014 11:26:47	M113613	F	S. Carmel
CARNO	Carno	"1,3,19"	z	"l,w"	F	E4	          	                              	T	03/10/2014 11:26:47	M113613	F	S. Carno
CARRAU	Carrau	"6,14,(24)"	y	"1,7"	F	H	          	                              	T	11/14/2019 14:25:11	M109320	F	S.Carrau
CERRO	Cerro	"6,14,18"	"z4,z23"	"[1,5]"	F	K	          	                              	T	03/10/2014 11:26:47	M113613	F	S. Cerro
CHAILEY	Chailey	"6,8"	"z4,z23"	"e,n,z15"	F	C2	          	                              	T	06/01/2016 15:42:35	M125992	F	S. Chailey
CHAMPAIGN	Champaign	39	k	"1,5"	F	Q	          	                              	T	03/10/2014 11:26:47	M113613	F	S. Champaign
CHANDANS	Chandans	11	d	"e,n,x"	F	F	          	                              	T	03/10/2014 11:26:47	M113613	F	S. Chandans
CHENNAI	Chennai	"4,12"	:d	z35	F	B	          	                              	T	03/10/2014 11:26:47	M113613	F	S. Chennai
CHESTER	Chester	"1,4,[5],12"	"e,h"	"e,n,x"	F	B	          	                              	T	03/10/2014 11:26:47	M113613	F	S. Chester
CHINGOLA	Chingola	11	"e,h"	"1,2"	F	F	          	                              	T	03/10/2014 11:26:47	M113613	F	S. Chingola
CHOLERAESUIS	Choleraesuis	"6,7"	c	"1,5"	F	C1	          	                              	T	03/10/2014 11:26:47	M113613	F	S. Choleraesuis
CHOLERAESUIS VAR DECATUR	Choleraesuis var Decatur	"6,7"	c	"1,5"	F	C1	          	                              	T	03/10/2014 11:26:47	M113613	F	S. Choleraesuis var Decatur
CHOLERAESUIS_VAR_KUNZENDORF	Choleraesuis Var Kunzendorf	"6,7"	c	"1,5"	F	C1	          	                              	T	03/10/2014 11:26:47	M113613	F	S. Choleraesuis Var Kunzendorf
COELN	Coeln	"4,[5],12"	y	"1,2"	F	B	          	                              	T	03/10/2014 11:26:47	M113613	F	S. Coeln
COLINDALE	Colindale	"6,7"	r	"1,7"	F	C1	          	                              	T	03/10/2014 11:26:47	M113613	F	S. Colindale
CONCORD	Concord	"6,7"	"l,v"	"1,2"	F	C	          	                              	T	03/10/2014 11:26:47	M113613	F	S. Concord
CORVALLIS	Corvallis	"8,20"	"z4,z23"	[z6]	F	C3	          	                              	T	03/10/2014 11:26:47	M113613	F	S. Corvallis
COTHAM	Cotham	28	i	"1,5"	F	M	          	                              	T	03/10/2014 11:26:47	M113613	F	S. Cotham
CROFT	Croft	28	"g,m,s"	"[e,n,z15]"	F	M	          	                              	T	03/10/2014 11:26:47	M113613	F	S. Croft
CUBANA	Cubana	"1,13,23"	z29	-	F	G	          	                              	T	03/10/2014 11:26:47	M113613	F	S. Cubana
DAHLEM	Dahlem	48	k	"e,n,z15"	F	Y	          	                              	T	03/10/2014 11:26:47	M113613	F	S. Dahlem
DAKOTA	Dakota	16	z35	enz15	F	I	          	                              	T	03/10/2014 11:26:47	M113613	F	S. Dakota
DALLGOW	Dallgow	"3,19"	z10	"e,n,z15"	F	E4	          	                              	T	03/10/2014 11:26:47	M113613	F	S. Dallgow
DENVER	Denver	"6,7"	a	"e,n,z15"	F	C	          	                              	T	12/09/2015 15:18:32	M125992	F	S. Denver
DERBY	Derby	"1,4,[5],12"	"f,g"	"[1,2]"	F	B	          	                              	T	03/10/2014 11:26:47	M113613	F	S. Derby
DUBLIN	Dublin	"1,9,12,[vi]"	"g,p"	-	F	D1	          	                              	T	03/10/2014 11:26:47	M113613	F	S. Dublin
DUESSELDORF	Duesseldorf	"6,8"	"z4,z24"	-	F	c3	          	                              	T	07/23/2019 16:35:10	M109320	F	S.Duesseldorf
DUISBURG	Duisburg	"1,4,12,27"	d	"e,n,z15"	F	B	          	                              	T	03/10/2014 11:26:47	M113613	F	S. Duisburg
DURBAN	Durban	"9,12"	a	"e,n,z15"	F	D1	          	                              	T	03/10/2014 11:26:47	M113613	F	S. Durban
DURHAM	Durham	"13,23"	b	"e,n,z15"	F	G	          	                              	T	03/10/2014 11:26:47	M113613	F	S. Durham
EALING	Ealing	35	"g,m,s"	-	F	O	          	                              	T	03/10/2014 11:26:47	M113613	F	S. Ealing
EASTBOURNE	Eastbourne	"1,9,12"	"e,h"	"1,5"	F	D1	          	                              	T	03/10/2014 11:26:47	M113613	F	S. Eastbourne
EBOKO	Eboko	"6,8"	b	"1,7"	F	C2	          	                              	T	03/10/2014 11:26:47	M113613	F	S. Eboko
EBRIE	Ebrie	35	"g,m,t"	-	F	O	          	                              	T	03/10/2014 11:26:47	M113613	F	S. Ebrie
EDINBURG	Edinburg	"6,7,14"	b	"1,5"	F	C1	          	                              	T	03/10/2014 11:26:47	M113613	F	S. Edinburg
EGUSITOO	Egusitoo	42	b	z6	F	T	          	                              	T	03/10/2014 11:26:47	M113613	F	S. Egusitoo
ELOMRANE	Elomrane	"9,12"	z38	-	F	D	          	                              	T	07/13/2020 09:53:02	M123573	F	Elomrane
EMEK	Emek	"8,20"	"g,m,s,"	-	F	C3	          	                              	T	03/10/2014 11:26:47	M113613	F	S. Emek
ESCANABA	Escanaba	"6,7"	k	"e,n,z15"	F	C1	          	                              	T	03/10/2014 11:26:47	M113613	F	S. Escanaba
FALKENSEE	Falkensee	"3,15"	i	"e,n,z"	F	E1	          	                              	T	03/10/2014 11:26:47	M113613	F	S. Falkensee
FARMINGDALE	Farmingdale	43	z4z23	-	F	U	          	                              	T	03/10/2014 11:26:47	M113613	F	S. Farmingdale
FARSTA	Farsta	"4,12"	i	"e,n,x"	F	B	          	                              	T	03/10/2014 11:26:47	M113613	F	S. Farsta
FERRUCH	Ferruch	8	"e,h"	"1,5"	F	C2	          	                              	T	10/08/2014 09:39:40	M123573	F	S. Ferruch
FISCHERKIETZ	Fischerkietz	"1,6,14,25"	y	"e,n,x"	F	H	          	                              	T	03/10/2014 11:26:47	M113613	F	S. Fischerkietz
FLORIDA	Florida	"[1],6,14,[25]"	d	"1,7"	F	H	          	                              	T	03/10/2014 11:26:47	M113613	F	S. Florida
FLUNTERN	Fluntern	"6,14,18"	b	"1,5"	F	K	          	                              	T	03/10/2014 11:26:47	M113613	F	S. Fluntern
FORTUNE	Fortune	"4,12,27"	z10	z6	F	B	          	                              	T	06/02/2016 15:48:46	M125992	F	S. Fortune
FRESNO	Fresno	"9,46"	z38	-	F	D2	          	                              	T	03/10/2014 11:26:47	M113613	F	S. Fresno
FRINTROP	Frintrop	"1,9,12"	b	"1,5"	F	D1	          	                              	T	03/10/2014 11:26:47	M113613	F	S. Frintrop
GALIEMA	Galiema	"6,7"	k	"1,2"	F	C	          	                              	T	03/10/2014 11:26:47	M113613	F	S. Galiema
GALLEN	Gallen	11	a	"1,2"	F	B	          	                              	T	03/10/2014 11:26:47	M113613	F	S. Gallen
GALLINARUM	Gallinarum	"1,9,12"	-	-	F	D1	          	                              	T	03/10/2014 11:26:47	M113613	F	S. Gallinarum
GAMINARA	Gaminara	16	d	"1,7"	F	I	          	                              	T	03/10/2014 11:26:47	M113613	F	S. Gaminara
GEORGIA	Georgia	"6,7"	b	"e,n,z15"	F	C1	          	                              	T	03/10/2014 11:26:47	M113613	F	S. Georgia
GIVE	Give	"3,15"	"l,v"	"1,7"	F	E1	          	                              	T	03/10/2014 11:26:47	M113613	F	S. Give
GIVE VAR 15+ (NEWBRUNSWICK)	Give var 15+ (Newbrunswick)	"3,15"	"l,v"	"1,7"	F	E2	          	                              	T	03/10/2014 11:26:47	M113613	F	S. Give var 15+ (Newbrunswick)
GLOSTRUP	Glostrup	"6,8"	z10	"e,n,z15"	F	C2	          	                              	T	03/10/2014 11:26:47	M113613	F	S. Glostrup
GLOUCESTER	Gloucester	"1,4,12,27"	i	"l,w"	F	B	          	                              	T	03/10/2014 11:26:47	M113613	F	S. Gloucester
GODESBERG	Godesberg	30	"g,m,[t]"	-	F	N	          	                              	T	03/10/2014 11:26:47	M113613	F	S. Godesberg
GOLDCOAST	Goldcoast	"6,8"	r	"l,w"	F	C2	          	                              	T	03/10/2014 11:26:47	M113613	F	S. Goldcoast
GOOD	Good	21	fg	enx	F	L	          	                              	T	03/10/2014 11:26:47	M113613	F	S. Good
GRUMPENSIS	Grumpensis	"13,23"	d	"1,7"	F	G	          	                              	T	03/10/2014 11:26:47	M113613	F	S. Grumpensis
GUINEA	Guinea	44	z10	"1,7"	F	V	          	                              	T	10/10/2016 12:09:35	M123573	F	S. Guinea
HAARDT	Haardt	8	k	"1,5"	F	C3	          	                              	T	03/10/2014 11:26:47	M113613	F	S. Haardt
HAIFA	Haifa	"1,4,[5],12"	z10	"1,2"	F	B	          	                              	T	03/10/2014 11:26:47	M113613	F	S. Haifa
HALLE	Halle	28	c	"1,7"	F	M	          	                              	T	03/10/2014 11:26:47	M113613	F	S. Halle
HARTFORD	Hartford	"6,7"	y	"e,n,x:[z67]"	F	C1	          	                              	T	03/10/2014 11:26:47	M113613	F	S. Hartford
HAVANA	Havana	"1,13,23"	"f,g,[s]"	-	F	G	          	                              	T	03/10/2014 11:26:47	M113613	F	S. Havana
HEIDELBERG	Heidelberg	"1,4,[5],12"	r	"1,2"	F	B	          	                              	T	03/10/2014 11:26:47	M113613	F	S. Heidelberg
HERON	Heron	16	a	z6	F	I	          	                              	T	03/10/2014 11:26:47	M113613	F	S. Heron
HERSTON	Herston	"6,8"	d	"e,n,z15"	F	C2	          	                              	T	03/10/2014 11:26:47	M113613	F	S. Herston
HESSAREK	Hessarek	"4,12,27"	a	"1,5"	F	B	          	                              	T	03/10/2014 11:26:47	M113613	F	S. Hessarek
HINDMARSH	Hindmarsh	"8,20"	r	"1,5"	F	C3	          	                              	T	03/10/2014 11:26:47	M113613	F	S. Hindmarsh
HOGHTON	Hoghton	"3,10"	"l,z13,z28"	z6	F	E1	          	                              	T	03/10/2014 11:26:47	M113613	F	S. Hoghton
HULL	Hull	16	b	"1,2"	F	I	          	                              	T	03/10/2014 11:26:47	M113613	F	S. Hull
HVITTINGFOSS	Hvittingfoss	16	b	"e,n,x"	F	I	          	                              	T	03/10/2014 11:26:47	M113613	F	S. Hvittingfoss
IBADAN	Ibadan	"13,22"	b	"1,5"	F	G	          	                              	T	03/10/2014 11:26:47	M113613	F	S. Ibadan
IDIKAN	Idikan	"1,13,23"	i	"1,5"	F	G	          	                              	T	03/10/2014 11:26:47	M113613	F	S. Idikan
ILALA	Ilala	28	k	"1,5"	F	M	          	                              	T	09/01/2014 09:15:08	M123573	F	Ilala
ILUGUN	Ilugun	"1,3,10,19"	"Z4,Z23"	Z6	F	E4	          	                              	T	03/10/2014 11:26:47	M113613	F	S. Ilugun
INDIANA	Indiana	"1,4,12"	z	"1,7"	F	B	          	                              	T	03/10/2014 11:26:47	M113613	F	S. Indiana
INFANTIS	Infantis	"6,7,14"	r	"1,5"	F	C1	          	                              	T	03/10/2014 11:26:47	M113613	F	S. Infantis
INVERNESS	Inverness	38	k	"1,6"	F	P	          	                              	T	03/10/2014 11:26:47	M113613	F	S. Inverness
IRUMU	Irumu	"6,7"	"l,v"	"1,5"	F	C	          	                              	T	01/08/2016 15:56:09	M125992	F	S Irumu
ISANGI	Isangi	"6,7,14"	d	"1,5"	F	C1	          	                              	T	03/10/2014 11:26:47	M113613	F	S. Isangi
ISASZEG	Isaszeg	48	z10	"e,n,x"	F	Y	          	                              	T	06/28/2019 15:10:16	M125992	F	Isaszeg
ISTANBUL	Istanbul	8	z10	"e,n,x"	F	C2	          	                              	T	03/10/2014 11:26:47	M113613	F	S. Istanbul
ITURI	Ituri	"1,4,12"	z10	"1,5"	F	B	          	                              	T	03/10/2014 11:26:47	M113613	F	S. Ituri
ITUTABA	Itutaba	"9,46"	c	z6	F	D	          	                              	T	07/18/2018 16:36:06	M109320	F	Itutaba
JANGWANI	Jangwani	17	a	"1,5"	F	J	          	                              	T	03/10/2014 11:26:47	M113613	F	S. Jangwani
JAVIANA	Javiana	"1,9,12"	"l,z28"	"1,5"	F	D1	          	                              	T	03/10/2014 11:26:47	M113613	F	S. Javiana
JERUSALEM	Jerusalem	"6,7,14"	z10	"l,w"	F	C1	          	                              	T	03/10/2014 11:26:47	M113613	F	S. Jerusalem
JODHPUR	Jodhpur	45	z29	-	F	W	          	                              	T	06/27/2018 13:05:07	M123573	F	S. Jodhpur
JOHANNESBURG	Johannesburg	"1,40"	b	"e,n,x"	F	R	          	                              	T	03/10/2014 11:26:47	M113613	F	S. Johannesburg
JUKESTOWN	Jukestown	"13,23"	i	"e,n,z15"	F	G	          	                              	T	03/10/2014 11:26:47	M113613	F	S. Jukestown
KAAPSTAD	Kaapstad	"4,12"	"e,h"	"1,7"	F	B	          	                              	T	03/10/2014 11:26:47	M113613	F	S. Kaapstad
KAPEMBA	Kapemba	"9,12"	"l,v"	"1,7"	F	D1	          	                              	T	03/10/2014 11:26:47	M113613	F	S. Kapemba
KEDOUGOU	Kedougou	"1,13,23"	i	"l,w"	F	G	          	                              	T	03/10/2014 11:26:47	M113613	F	S. Kedougou
KENTUCKY	Kentucky	"8,20"	i	z6	F	C3	          	                              	T	03/10/2014 11:26:47	M113613	F	S. Kentucky
KIAMBU	Kiambu	"1,4,12"	z	"1,5"	F	B	          	                              	T	03/10/2014 11:26:47	M113613	F	S. Kiambu
KIBUSI	Kibusi	28	r	"e,n,x"	F	M	          	                              	T	02/18/2021 16:05:44	M109320	F	S.Kibusi
KIMUENZA	Kimuenza	"1,4,12,27"	"l,v"	"e,n,x"	F	B	          	                              	T	03/10/2014 11:26:47	M113613	F	S. Kimuenza
KINGABWA	Kingabwa	43	y	"1,5"	F	u	          	                              	T	02/06/2020 09:09:08	M109320	F	S.Kingabwa
KINGSTON	Kingston	"1,4,[5],12"	"g,s,t"	"[1,2]"	F	B	          	                              	T	03/10/2014 11:26:47	M113613	F	S. Kingston
KINTAMBO	Kintambo	"13,23"	"m,t"	-	F	G	          	                              	T	03/10/2014 11:26:47	M113613	F	S. Kintambo
KISARAWE	Kisarawe	11	k	"e,n,x,[z15]"	F	F	          	                              	T	03/10/2014 11:26:47	M113613	F	S. Kisarawe
KISII	Kisii	"6,7"	d	"1,2"	F	C1	          	                              	T	03/10/2014 11:26:47	M113613	F	S. Kisii
KISSI	Kissi	               	               	               	F	          	          	                              	T	03/10/2014 11:26:47	M113613	F	S. Kissi
KIVU	Kivu	"6,7"	d	"1,6"	F	C1	          	                              	T	03/10/2014 11:26:47	M113613	F	S. Kivu
KOKOMLEMLE	Kokomlemle	39	"l,v"	"e,n,x"	F	Q	          	                              	T	03/10/2014 11:26:47	M113613	F	S. Kokomlemle
KORLEBU	Korlebu	"3,19"	z	"1,5"	F	E4	          	                              	T	03/29/2021 12:06:05	M109320	F	S.Korlebu
KOTTBUS	Kottbus	"6,8"	"e,h"	"1,5"	F	C2	          	                              	T	03/10/2014 11:26:47	M113613	F	S. Kottbus
KREFELD	Krefeld	"1,3,19"	y	"l,w"	F	E4	          	                              	T	03/10/2014 11:26:47	M113613	F	S. Krefeld
KUA	Kua	44	"z4,z23"	-	F	V	          	                              	T	03/10/2014 11:26:47	M113613	F	S. Kua
KUESSEL	Kuessel	28	i	"e,n,z15"	F	M	          	                              	T	03/10/2014 11:26:47	M113613	F	S. Kuessel
LABADI	Labadi	"8,20"	d	z6	F	C3	          	                              	T	04/24/2017 15:30:30	M109320	F	 
LAGOS	Lagos	"1,4,[5],12"	i	"1,5"	F	B	          	                              	T	03/10/2014 11:26:47	M113613	F	S. Lagos
LANGENHORN	Langenhorn	18	Mt	-	F	K	          	                              	T	01/29/2015 12:37:09	M113613	F	S. Langenhorn
LAROCHELLE	Larochelle	"6,7"	"e,h"	"1,2"	F	C	          	                              	T	03/10/2014 11:26:47	M113613	F	S. Larochelle
LATTENKAMP	Lattenkamp	45	z35	"1,5"	F	W	          	                              	T	10/11/2017 11:22:20	M123573	F	Lattenkamp
LAWNDALE	Lawndale	"9,12"	z	"1,5"	F	D	          	                              	T	12/04/2018 16:56:41	M109320	F	S Lawndale
LEEUWARDEN	Leeuwarden	11	b	"1,5"	F	F	          	                              	T	12/04/2018 16:50:14	M109320	F	S Leeuwarden
LEIDEN	Leiden	"13,22"	z38	-	F	G	          	                              	T	03/10/2014 11:26:47	M113613	F	S. Leiden
LEXINGTON	Lexington	"3,10"	z10	"1,5"	F	E1	          	                              	T	03/10/2014 11:26:47	M113613	F	S. Lexington
LEXINGTON VAR 15+ (MANILA)	Lexington var 15+ (Manila)	"3,15"	z10	"1,5"	F	E2	          	                              	T	03/10/2014 11:26:47	M113613	F	S. Lexington var 15+ (Manila)
LEXINGTON VAR 15+34+ (ILLINOIS	Lexington var 15+34+ (Illinois)	"3,15,34"	z10	"1,5"	F	E3	          	                              	T	03/10/2014 11:26:47	M113613	F	S. Lexington var 15+34+ (Illinois)
LILLE	Lille	"6,7,14"	z38	-	F	C1	          	                              	T	03/10/2014 11:26:47	M113613	F	S. Lille
LINDERN	Lindern	"6,7,14,24"	d	"e,n,x"	F	H	          	                              	T	03/28/2017 16:58:29	M109320	F	S. Lindern
LITCHFIELD	Litchfield	"6,8"	"l,v"	"1,2"	F	C2	          	                              	T	03/10/2014 11:26:47	M113613	F	S. Litchfield
LIVERPOOL	Liverpool	"1,3,19"	d	"e,n,z15"	F	E4	          	                              	T	03/10/2014 11:26:47	M113613	F	S. Liverpool
LIVINGSTONE	Livingstone	"6,7,14"	d	"l,w"	F	C1	          	                              	T	03/10/2014 11:26:47	M113613	F	S. Livingstone
LLANDOFF	Llandoff	"1,3,19"	z29	[z6]	F	E4	          	                              	T	03/10/2014 11:26:47	M113613	F	S. Llandoff
LOME	Lome	"9,12"	r	z6	F	D1	          	                              	T	03/10/2014 11:26:47	M113613	F	S. Lome
LOMITA	Lomita	"6,7"	"e,h"	"1,5"	F	C	          	                              	T	01/17/2017 11:06:40	M109320	F	S. Lomita
LONDON	London	"3,10"	"l,v"	"1,6"	F	E1	          	                              	T	03/10/2014 11:26:47	M113613	F	S. London
MADELIA	Madelia	"6,7, 14,25"	y	"1,7"	F	H	          	                              	T	03/10/2014 11:26:47	M113613	F	S. Madelia
MALAYSIA	Malaysia	28	z10	"1,7"	F	M	          	                              	T	03/10/2014 11:26:47	M113613	F	S. Malaysia
MALSTATT	Malstatt	16	b	z6	F	I	          	                              	T	03/10/2014 11:26:47	M113613	F	S. Malstatt
MANCHESTER	Manchester	"6,8"	"l,v"	"1,7"	F	C2	          	                              	T	03/10/2014 11:26:47	M113613	F	S. Manchester
MANHATTAN	Manhattan	"6,8"	d	"1,5"	F	C2	          	                              	T	03/10/2014 11:26:47	M113613	F	S. Manhattan
MANNHEIM	Mannheim	11	k	lw	F	F	          	                              	T	03/10/2014 11:26:47	M113613	F	S. Mannheim
MAPO	Mapo	"6,8"	z10	"1,5"	F	C2	          	                              	T	07/03/2018 15:29:38	M109320	F	S. Mapo
MARITZBURG	Maritzburg	44	i	"e,n,z15"	F	V	          	                              	T	03/10/2014 11:26:47	M113613	F	S. Maritzburg
MARYLEBONE	Marylebone	"9,46"	k	"1,2"	F	D	          	                              	T	03/10/2014 11:26:47	M113613	F	S. Marylebone
MATADI	Matadi	17	k	"e,n,x"	F	J	          	                              	T	03/10/2014 11:26:47	M113613	F	S. Matadi
MBANDAKA	Mbandaka	"6,7,14"	z10	"e,n,z15"	F	C1	          	                              	T	03/10/2014 11:26:47	M113613	F	S. Mbandaka
MELEAGRIDIS	Meleagridis	"3,10"	"e,h"	"l,w"	F	E1	          	                              	T	03/10/2014 11:26:47	M113613	F	S. Meleagridis
MELEAGRIDIS VAR 15+34+ (WILDWD	Meleagridis var 15+34+ (Wildwood)	"3,15,34"	"e,h"	"l,w"	F	E3	          	                              	T	03/10/2014 11:26:47	M113613	F	S. Meleagridis var 15+34+ (Wildwood)
MENSTON	Menston	"6,7"	"g,s,[t]"	"[1,6]"	F	C1	          	                              	T	03/10/2014 11:26:47	M113613	F	S. Menston
MGULANI	Mgulani	38	i	"1,2"	F	P	          	                              	T	03/03/2016 09:14:58	M123573	F	S. Mgulani
MIAMI	Miami	"1,9,12"	a	"1,5"	F	D1	          	                              	T	03/10/2014 11:26:47	M113613	F	S. Miami
MIDWAY	Midway	"6,7,14,24"	:d:	"1,7"	F	C4	          	                              	T	03/10/2014 11:26:47	M113613	F	S. Midway
MIKAWASIMA	Mikawasima	"6,7,14"	y	"e,n,z15"	F	C1	          	                              	T	03/10/2014 11:26:47	M113613	F	S. Mikawasima
MINNESOTA	Minnesota	21	b	"e,n,x"	F	L	          	                              	T	03/10/2014 11:26:47	M113613	F	S. Minnesota
MISHMARHAEMEK	Mishmarhaemek	"1,13,23"	d	"1,5"	F	G	          	                              	T	03/10/2014 11:26:47	M113613	F	S. Mishmarhaemek
MISSISSIPPI	Mississippi	"1,13,23"	b	"1,5"	F	G	          	                              	T	03/10/2014 11:26:47	M113613	F	S. Mississippi
MOKOLA	Mokola	"3,10"	y	"1,7"	F	E	          	                              	T	10/24/2017 16:16:01	M109320	F	Mokola
MOLADE	Molade	"8,20"	z10	z6	F	C2	          	                              	T	03/10/2014 11:26:47	M113613	F	S. Molade
MONS	Mons	"1,4,12,27"	d	"l,w"	F	B	          	                              	T	03/10/2014 11:26:47	M113613	F	S. Mons
MONSCHAUI	Monschaui	35	"m,t"	-	F	O	          	                              	T	03/10/2014 11:26:47	M113613	F	S. Monschaui
MONTEVIDEO	Montevideo	"6,7,14"	"g,m,[p],s"	"[1,2,7]"	F	C1	          	                              	T	03/10/2014 11:26:47	M113613	F	S. Montevideo
MOREHEAD	Morehead	30	i	"1,5"	F	N	          	                              	T	03/10/2014 11:26:47	M113613	F	S. Morehead
MORNINGSIDE	Morningside	30	c	"e,n,z15"	F	N	          	                              	T	03/10/2014 11:26:47	M113613	F	S. Morningside
MOUNTPLEASANT	Mountpleasant	47	z	"1,5"	F	X	          	                              	T	03/10/2014 11:26:47	M113613	F	S. Mountpleasant
MUENCHEN	Muenchen	"6,8"	d	"1,2"	F	C2	          	                              	T	03/10/2014 11:26:47	M113613	F	S. Muenchen
MUENSTER	Muenster	"3,10"	"e,h"	"1,5"	F	E1	          	                              	T	03/10/2014 11:26:47	M113613	F	S. Muenster
MUENSTER VAR 15+34+ (ARKANSAS)	Muenster var 15+34+ (Arkansas)	"3,15,34"	"e,h"	"1,5"	F	E3	          	                              	T	03/10/2014 11:26:47	M113613	F	S. Muenster var 15+34+ (Arkansas)
NAGOYA	Nagoya	"6,8"	b	"1,5"	F	C2	          	                              	T	03/10/2014 11:26:47	M113613	F	S. Nagoya
NAPOLI	Napoli	"1,9,12"	"l,z13"	"e,n,x"	F	D1	          	                              	T	03/10/2014 11:26:47	M113613	F	S. Napoli
NASHUA	Nashua	28	"l,v"	enz15	F	M	          	                              	T	03/10/2014 11:26:47	M113613	F	S. Nashua
NCHANGA	Nchanga	"3,15"	               	               	F	E1	          	                              	T	03/10/2014 11:26:47	M113613	F	S. Nchanga
NESSZIONA	Nessziona	"6,7"	"l,z13"	"1,5"	F	C1	          	                              	T	03/10/2014 11:26:47	M113613	F	S. Nessziona
NEWPORT	Newport	"6,8,20"	"e,h"	"1,2"	F	C2	          	                              	T	03/10/2014 11:26:47	M113613	F	S. Newport
NIAREMBE	Niarembe	44	a	"l,w"	F	V	          	                              	T	03/10/2014 11:26:47	M113613	F	S. Niarembe
NIGERIA	Nigeria	"6,7"	r	"1,6"	F	C	          	                              	T	12/05/2019 13:59:01	M109320	F	S. Nigeria
NIMA	Nima	28	y	"1,5"	F	M	          	                              	T	03/10/2014 11:26:47	M113613	F	S. Nima
NOTTINGHAM	Nottingham	16	d	"e,n,z15"	F	I	          	                              	T	03/10/2014 11:26:47	M113613	F	S. Nottingham
NOT_SALMONELLA	Not Salmonella	               	               	               	F	          	          	                              	T	03/10/2014 11:26:47	M113613	F	Not Salmonella
NO_VIABLE_ORGANISMS	No Viable Organisms	               	               	               	F	          	          	                              	T	03/10/2014 11:26:47	M113613	F	No Viable Organisms
NYANZA	Nyanza	11	z	z6	F	F	          	                              	T	03/10/2014 11:26:47	M113613	F	S. Nyanza
"O ROUGH:G,M,T:-"	"O Rough:g,m,t:-"	O Rough	"g,m,t"	-	F	          	          	                              	T	06/15/2018 15:31:29	M125992	F	"O Rough:g,m,t:-"
"O-ROUGH:Z10:1,5"	"O Rough:z10:1,5"	O Rough	z10	"1,5"	F	          	          	                              	T	04/21/2016 11:38:35	M125992	F	"O Rough:z10:1,5"
OAKLAND	Oakland	"6,7"	z	"1,6,[7]"	F	C1	          	                              	T	03/10/2014 11:26:47	M113613	F	S. Oakland
ODOZI	Odozi	30	k	"e,n,[x],z15"	F	N	          	                              	T	03/10/2014 11:26:47	M113613	F	S. Odozi
OFFA	Offa	41	z38	-	F	S	          	                              	T	03/10/2014 11:26:47	M113613	F	S. Offa
OHIO	Ohio	"6,7,14"	b	"l,w"	F	C1	          	                              	T	03/10/2014 11:26:47	M113613	F	S. Ohio
OKATIE	Okatie	"13,23"	"g,[s],t"	-	F	G	          	                              	T	03/10/2014 11:26:47	M113613	F	S. Okatie
ORANIENBURG	Oranienburg	"6,7,14"	"m,t"	[z57]	F	C1	          	                              	T	03/10/2014 11:26:47	M113613	F	S. Oranienburg
ORDONEZ	Ordonez	"1,13,23"	y	"l,w"	F	G	          	                              	T	03/10/2014 11:26:47	M113613	F	S. Ordonez
ORIENTALIS	Orientalis	16	K	"e,n,x"	F	I	          	                              	T	11/27/2015 14:58:29	M125992	F	S. Orientalis
ORION	Orion	"3,10"	y	"1,5"	F	E1	          	                              	T	03/10/2014 11:26:47	M113613	F	S. Orion
ORION VAR 15+ (BINZA)	Orion var 15+ (Binza)	"3,15"	y	"1,5"	F	E2	          	                              	T	03/10/2014 11:26:47	M113613	F	S. Orion var 15+ (Binza)
ORION VAR 15+34+ (THOMASVILLE)	Orion var 15+34+ (Thomasville)	"3,15,34"	y	"1,5"	F	E3	          	                              	T	03/10/2014 11:26:47	M113613	F	S. Orion var 15+34+ (Thomasville)
OSKARSHAMN	Oskarshamn	28	y	"1,2"	F	          	          	                              	T	03/10/2014 11:26:47	M113613	F	S. Oskarshamn
OSLO	Oslo	"6,7"	a	"e,n,x"	F	C1	          	                              	T	03/10/2014 11:26:47	M113613	F	S. Oslo
OTHMARSCHEN	Othmarschen	"6,7"	"g,m"	-	F	C1	          	                              	T	10/05/2015 16:01:07	M123573	F	S. Othmarschen
OUAKAM	Ouakam	"9,46"	z29	-	F	D2	          	                              	T	03/10/2014 11:26:47	M113613	F	S. Ouakam
OVERSCHIE	Overschie	51	"l,v"	"1,5"	F	51	          	                              	T	03/10/2014 11:26:47	M113613	F	S. Overschie
O_ ROUGH:GMT:-	O Rough:gmt:-	O rough	gmt	-	F	          	          	                              	T	01/07/2021 09:17:47	M109320	F	O Rough:gmt:-
O_ROUGH:-:-	O Rough:-:-	O Rough	-	-	F	          	          	                              	T	03/10/2014 11:26:47	M113613	F	O Rough:-:-
"O_ROUGH:-:1,5,7"	"O Rough:-:1,5,7"	O Rough	-	"1,5,7"	F	          	          	                              	T	03/05/2018 16:46:03	M109320	F	"O_ROUGH:-:1,5,7"
"O_ROUGH:B:L,W"	"O Rough:b:l,w"	rough	b	"l,w"	F	          	          	                              	T	01/09/2020 14:35:35	M125992	F	"O Rough:b:l,w"
O_ROUGH:D:-	O Rough:d:-	O Rough	d	-	F	          	          	                              	T	01/15/2020 15:58:53	M125992	F	O Rough:d:-
O_ROUGH:D:ENZ15	O Rough:d:enz15	o rough	d	enz15	F	-	          	                              	T	02/29/2016 14:51:57	M159379	F	O Rough:d:enz15
"O_ROUGH:D:L,W"	"O Rough:d:l,w"	O Rough	d	"l,w"	F	          	          	                              	T	03/10/2014 11:26:47	M113613	F	"O Rough:d:l,w"
"O_ROUGH:E,H:1,2"	"O Rough:e,h:1,2"	O Rough	"e,h"	"1,2"	F	          	          	                              	T	03/10/2014 11:26:47	M113613	F	"O Rough:e,h:1,2"
"O_ROUGH:E,H:1,5"	"O Rough:e,h:1,5"	O Rough	"e,h"	"1,5"	F	          	          	                              	T	03/10/2014 11:26:47	M113613	F	"O Rough:e,h:1,5"
"O_ROUGH:E,H:1,6"	"O Rough:e,h:1,6"	O Rough	"e,h"	"1,6"	F	          	          	                              	T	03/10/2014 11:26:47	M113613	F	"O Rough:e,h:1,6"
"O_ROUGH:F,G:-"	"O Rough:f,g:-"	O Rough	"f,g"	-	F	          	          	                              	T	03/10/2014 11:26:47	M113613	F	"O Rough:f,g:-"
"O_ROUGH:G,M,P,S:-"	"O Rough:g,m,p,s:-"	O Rough	"g,m,p,s"	-	F	          	          	                              	T	03/10/2014 11:26:47	M113613	F	"O Rough:g,m,p,s:-"
"O_ROUGH:G,M,S:-"	"O Rough:g,m,s:-"	O Rough	"g,m,s"	-	F	          	          	                              	T	03/10/2014 11:26:47	M113613	F	"O Rough:g,m,s:-"
"O_ROUGH:G,P:-"	"O Rough:g,p:-"	O Rough	"g,p"	-	F	          	          	                              	T	03/10/2014 11:26:47	M113613	F	"O Rough:g,p:-"
"O_ROUGH:G,S,T:-"	"O Rough:g,s,t:-"	O Rough	"g,s,t"	-	F	          	          	                              	T	03/10/2014 11:26:47	M113613	F	"O Rough:g,s,t:-"
O_ROUGH:GMT:-	O_Rough:gmt:-	O_Rough	gmt	-	F	          	          	                              	T	01/07/2021 09:25:47	M109320	F	O_Rough:gmt:-
O_ROUGH:GZ51:-	O Rough:gz51:-	O Rough	gz51	-	F	          	          	                              	T	03/10/2014 11:26:47	M113613	F	O Rough:gz51:-
O_ROUGH:I:ENZ15	O Rough:i:enz15	O Rough	i	enz15	F	          	          	                              	T	10/26/2020 15:50:19	M109320	F	O rough:i:enz15
"O_ROUGH:I:L,W"	"O Rough:i:l,w"	O Rough	i	"l,w"	F	          	          	                              	T	06/24/2020 11:15:48	M123573	F	"O Rough:i:l,w"
O_ROUGH:I:Z	O Rough:i:z	O Rough	i	z	F	          	          	                              	T	10/31/2019 15:37:33	M109320	F	O Rough:i:z
O_ROUGH:K:Z	O rough:k:z	o_rough	k	z	F	          	          	                              	T	05/13/2021 09:23:38	M109320	F	 
"O_ROUGH:L,V:1,5"	"O Rough:l,v:1,5"	O Rough	"l,v"	"1,5"	F	          	          	                              	T	02/25/2016 15:59:51	M125992	F	 
"O_ROUGH:L,V:1,6"	"O Rough:l,v:1,6"	O Rough	"l,v"	"1,6"	F	          	          	                              	T	06/02/2017 15:10:33	M109320	F	 
"O_ROUGH:L,V:Z"	"O Rough:l,v:z"	O Rough	"l,v"	z	F	          	          	                              	T	08/12/2014 14:53:24	M123573L	F	"O Rough:l,v:z"
"O_ROUGH:LV,1,7"	"O Rough:l,v:1,7"	O Rough	"l,v"	"1,7"	F	          	          	                              	T	09/15/2020 10:19:25	M109320	F	"O Rough:l,v:1,7"
"O_ROUGH:LZ13:1,5"	"O Rough:lz13:1,5"	O_Rough	lz13	"1,5"	F	          	          	                              	T	05/13/2021 09:26:47	M109320	F	"O Rough:lz13:1,5"
"O_ROUGH:R:1,5"	"O Rough:r:1,5"	O Rough	r	"1,5"	F	          	          	                              	T	03/10/2014 11:26:47	M113613	F	"O Rough:r:1,5"
O_ROUGH:R:ENX	O Rough:r:enx	O Rough	r	enx	F	          	          	                              	T	12/11/2017 12:21:40	M109320	F	O Rough:r:enx
"O_ROUGH:R:L,W"	"O Rough:r:l,w"	               	r	"l,w"	F	          	          	                              	T	03/11/2014 15:52:33	M125992	F	 
O_ROUGH:Z10:ENZ15	"O Rough:z10:e,n,z15"	rough	z10	"e,n,z15"	F	          	          	                              	T	01/15/2018 14:00:14	M109320	F	"O_ROUGH:Z10:E,N,Z15"
O_ROUGH:Z35:-	O Rough:z35:-	               	z35	-	F	          	          	                              	T	08/17/2018 14:05:29	M109320	F	O Rough:z35:-
O_ROUGH:Z38:-	O Rough:z38:-	O Rough	z38	-	F	          	          	                              	T	08/11/2015 10:52:50	M123573	F	O Rough:z38:-
"O_ROUGH:Z4,Z23:-"	"O Rough:z4,z23:-"	O Rough	"z4,z23"	-	F	          	          	                              	T	02/24/2021 14:16:04	M109320	F	"O Rough:z4,z23:-"
"O_ROUGH:Z4,Z32:-"	"O Rough:z4,z32:-"	O Rough	"Z4,Z32"	-	F	          	          	                              	T	11/17/2015 11:26:45	M123573	F	"O ROUGH:Z4,Z32:-"
"O_ROUGH:Z:1,6"	"O Rough:z:1,6"	O Rough	z	"1,6"	F	          	          	                              	T	03/10/2014 11:26:47	M113613	F	"O Rough:z:1,6"
"O_ROUGH:Z:L,W"	"O Rough:z:l,w"	O Rough	z	"l,w"	F	          	          	                              	T	03/10/2014 11:26:47	M113613	F	"O Rough:z:l,w"
O_ROUGH:Z:Z10	O Rough:z:z10	O Rough	z	z10	F	          	          	                              	T	01/15/2020 15:58:10	M125992	F	O Rough:z:z10
PANAMA	Panama	"1,9,12"	"l,v"	"1,5"	F	D1	          	                              	T	03/10/2014 11:26:47	M113613	F	S. Panama
PARATYPHI B	Paratyphi B	"1,4,[5],12"	b	"1,2"	F	B	          	                              	T	03/10/2014 11:26:47	M113613	F	S. Paratyphi B
PARATYPHI B VAR. JAVA	Paratyphi B var. Java	"1,4,[5],12"	b	"1,2"	F	B	          	                              	T	03/10/2014 11:26:47	M113613	F	S. Paratyphi B Variant Java
PASING	Pasing	"4,12"	z35	"1,5"	F	B	          	                              	T	03/22/2017 16:11:16	M109320	F	 
PERTH	Perth	38	y	"e,n,x"	F	P	          	                              	T	02/24/2021 16:02:37	M109320	F	S. Perth
PLYMOUTH	Plymouth	"9,46"	d	z6	F	D2	          	                              	T	03/10/2014 11:26:47	M113613	F	S. Plymouth
POANO	Poano	"6,14"	z	"l,z13,z28"	F	H	          	                              	T	05/20/2016 15:56:44	M125992	F	S Poano
POMONA	Pomona	28	y	"1,7:[z60]"	F	M	          	                              	T	03/10/2014 11:26:47	M113613	F	S. Pomona
POONA	Poona	"1,13,22"	z	"1,6"	F	G	          	                              	T	03/10/2014 11:26:47	M113613	F	S. Poona
POTSDAM	Potsdam	"6,7,14"	"l,v"	"e,n,z15"	F	C1	          	                              	T	03/10/2014 11:26:47	M113613	F	S. Potsdam
POWELL	Powell	"9,12"	y	"1,7"	F	D1	          	                              	T	03/10/2014 11:26:47	M113613	F	S. Powell
PROTEUS	Proteus	               	               	               	F	          	          	                              	T	08/10/2016 12:17:23	M300954	F	Proteus
PULLORUM	Pullorum	"9,12"	-	-	F	D1	          	                              	T	03/10/2014 11:26:47	M113613	F	S. Pullorum
PUTTEN	Putten	"13,23"	d	"l,w"	F	G	          	                              	T	03/10/2014 11:26:47	M113613	F	S. Putten
RAMATGAN	Ramatgan	30	k	"1,5"	F	N	          	                              	T	03/10/2014 11:26:47	M113613	F	S. Ramatgan
READING	Reading	"1,4,[5],12"	"e,h"	"1,5"	F	B	          	                              	T	03/10/2014 11:26:47	M113613	F	S. Reading
REGENT	Regent	"3,10"	"f,g,[s]"	"[1,6]"	F	E1	          	                              	T	03/10/2014 11:26:47	M113613	F	S. Regent
RICHMOND	Richmond	"6,7"	y	"1,2"	F	C1	          	                              	T	03/10/2014 11:26:47	M113613	F	S. Richmond
RIGGIL	Riggil	"6,7"	"g,t"	-	F	C1	          	                              	T	03/10/2014 11:26:47	M113613	F	S. Riggil
RISSEN	Rissen	"6,7,14"	"f,g"	-	F	C1	          	                              	T	03/10/2014 11:26:47	M113613	F	S. Rissen
ROODEPOORT	Roodepoort	"1,13,22"	z10	"1,5"	F	G	          	                              	T	03/10/2014 11:26:47	M113613	F	S. Roodepoort
ROSSLYN	Rosslyn	51	y	"1,2"	F	0:51	          	                              	T	06/06/2017 14:25:19	M109320	F	Rosslyn
ROUGH	Rough	               	               	               	F	          	          	                              	T	03/10/2014 11:26:47	M113613	F	S. Rough
RUBISLAW	Rubislaw	11	r	"e,n,x"	F	F	          	                              	T	03/10/2014 11:26:47	M113613	F	S. Rubislaw
RUIRU	Ruiru	21	y	"e,n,x"	F	L	          	                              	T	03/10/2014 11:26:47	M113613	F	S. Ruiru
SAARBRUECKEN	Saarbruecken	"9,12"	a	"1,7"	F	D	          	                              	T	03/10/2014 11:26:47	M113613	F	S. Saarbruecken
SAINTPAUL	Saintpaul	"1,4,[5],12"	"e,h"	"1,2"	F	B	          	                              	T	03/10/2014 11:26:47	M113613	F	S. Saintpaul
SALFORD	Salford	16	"l,v"	"e,n,x"	F	I	          	                              	T	03/10/2014 11:26:47	M113613	F	S. Salford
SAMPLE UNFIT	Sample unfit for testing	               	               	               	F	          	          	                              	T	01/15/2015 12:33:05	M113613	F	 
SANDIEGO	Sandiego	"4,[5],12"	"e,h"	"e,n,z15"	F	B	          	                              	T	03/10/2014 11:26:47	M113613	F	S. Sandiego
SAPHRA	Saphra	16	y	"1,5"	F	I	          	                              	T	12/05/2019 14:02:21	M109320	F	 
SCHWARZENGRUND	Schwarzengrund	"1,4,12,27"	d	"1,7"	F	B	          	                              	T	03/10/2014 11:26:47	M113613	F	S. Schwarzengrund
SENDAI	Sendai	"9,12"	a	"1,5"	F	D	          	                              	T	07/23/2014 15:00:08	M123573	F	Sendai
SENEGAL	Senegal	11	r	"1,5"	F	F	          	                              	T	03/10/2014 11:26:47	M113613	F	S. Senegal
SENFTENBERG	Senftenberg	"1,3,19"	"g,[s],t"	-	F	E4	          	                              	T	03/10/2014 11:26:47	M113613	F	S. Senftenberg
SENFTENBERG (Z27)	Senftenberg (z27)	"3,19"	z27	-	F	E4	          	                              	T	03/10/2014 11:26:47	M113613	F	S. Senftenberg (z27)
SINGAPORE	Singapore	"6,7"	k	"e,n,x"	F	C	          	                              	T	07/23/2019 16:38:00	M109320	F	S.Singapore
SINSTORF	Sinstorf	"3,10"	"l,v"	"1,5"	F	E1	          	                              	T	03/10/2014 11:26:47	M113613	F	S. Sinstorf
SINTHIA	Sinthia	18	z38	-	F	K	          	                              	T	04/25/2016 08:58:46	M123573	F	S. Sinthia
SOERENGA	Soerenga	30	i	"l,w"	F	N	          	                              	T	03/10/2014 11:26:47	M113613	F	S. Soerenga
SOLT	Solt	11	y	"1,5"	F	F	          	                              	T	03/10/2014 11:26:47	M113613	F	S. Solt
SOUTHAMPTON	Southampton	"4,12,27"	r	z6	F	B	          	                              	T	12/04/2018 16:45:27	M109320	F	S.Southampton
STANLEY	Stanley	"1,4,[5],12"	d	"1,2"	F	B	          	                              	T	03/10/2014 11:26:47	M113613	F	S. Stanley
STANLEYVILLE	Stanleyville	"1,4,[5],12"	"z4,z23"	"[1,2]"	F	B	          	                              	T	03/10/2014 11:26:47	M113613	F	S. Stanleyville
STENDAL	Stendal	11	1v	"1,2"	F	F	          	                              	T	03/10/2014 11:26:47	M113613	F	S. Stendal
STOCKHOLM	Stockholm	"3,10"	y	z6	F	E1	          	                              	T	03/10/2014 11:26:47	M113613	F	S. Stockholm
STOURBRIDGE	Stourbridge	"6,8"	b	"1,6"	F	C2	          	                              	T	03/10/2014 11:26:47	M113613	F	S. Stourbridge
SUELLDORF	Suelldorf	45	"f,g"	               	F	W	          	                              	T	03/10/2014 11:26:47	M113613	F	S. Suelldorf
SUNDSVALL	Sundsvall	"[1],6,14,[25]"	z	"e,n,x"	F	H	          	                              	T	03/10/2014 11:26:47	M113613	F	S. Sundsvall
SZENTES	Szentes	16	k	"1,2"	F	          	          	                              	T	03/10/2014 11:26:47	M113613	F	S. Szentes
TAKORADI	Takoradi	"6,8"	i	"1,5"	F	C2	          	                              	T	07/19/2017 15:39:23	M123573	F	S. Takoradi
TAKSONY	Taksony	"1,3,19"	i	z6	F	E4	          	                              	T	03/10/2014 11:26:47	M113613	F	S. Taksony
TALLAHASSEE	Tallahassee	"6,8"	"z4,z32"	-	F	C2	          	                              	T	10/23/2019 09:42:09	M109320	F	S. Tallahassee
TANANARIVE	Tananarive	"6,8"	y	"1,5"	F	C2	          	                              	T	03/10/2014 11:26:47	M113613	F	S. Tananarive
TEDDINGTON	Teddington	"4,12,27"	y	"1,7"	F	B	          	                              	T	01/11/2016 16:03:08	M125992	F	S Teddington
TEES	Tees	16	"f,g"	-	F	I	          	                              	T	03/10/2014 11:26:47	M113613	F	S. Tees
TEL-EL-KEBIR	Tel-el-kebir	"13,23"	d	"e,n"	F	G	          	                              	T	03/10/2014 11:26:47	M113613	F	S. Tel-el-kebir
TELAVIV	Telaviv	28	y	enz15	F	M	          	                              	T	03/10/2014 11:26:47	M113613	F	S. Telaviv
TELTOW	Teltow	28	"z4,z23"	"1,6"	F	M	          	                              	T	03/10/2014 11:26:47	M113613	F	S. Teltow
TENNESSEE	Tennessee	"6,7,14"	z29	"[1,2,7]"	F	C1	          	                              	T	03/10/2014 11:26:47	M113613	F	S. Tennessee
THOMPSON	Thompson	"6,7,14"	k	"1,5"	F	C1	          	                              	T	03/10/2014 11:26:47	M113613	F	S. Thompson
TIONE	Tione	51	a	"e,n,x"	F	51	          	                              	T	03/10/2014 11:26:47	M113613	F	S. Tione
TORONTO	Toronto	"9,46"	"l,v"	"e,n,x"	F	D2	          	                              	T	06/22/2018 15:09:31	M109320	F	S.Toronto
TOUCRA	Toucra	48	z	"1,5"	F	Y	          	                              	T	03/10/2014 11:26:47	M113613	F	S. Toucra
TYRESOE	Tyresoe	"4,12,[27]"	"[l,z13]l,z28"	"1,5"	F	B	          	                              	T	11/26/2020 12:04:28	M109320	F	S.Tyresoe
UGANDA	Uganda	"3,10"	"l,z13"	"1,5"	F	E1	          	                              	T	03/10/2014 11:26:47	M113613	F	S. Uganda
UMBILO	Umbilo	28	z10	enx	F	M	          	                              	T	03/10/2014 11:26:47	M113613	F	S. Umbilo
UMHLALI	Umhlali	"6,7"	a	"1,6"	F	C1	          	                              	T	01/09/2020 15:03:44	M125992	F	Umhlali
UNTYPEABLE	Untypeable	               	               	               	F	          	          	                              	T	03/10/2014 11:26:47	M113613	F	Untypeable
UNTYPED	Untyped	               	               	               	F	          	          	                              	T	06/03/2019 09:45:25	M187549S	F	Untyped
UPPSALA	Uppsala	"4,12"	b	"1,7"	F	B	          	                              	T	03/10/2014 11:26:47	M113613	F	S. Uppsala
URBANA	Urbana	30	b	"e,n,x"	F	N	          	                              	T	03/10/2014 11:26:47	M113613	F	S. Urbana
UTAH	Utah	"6,8"	c	"1,5"	F	C2	          	                              	T	03/10/2014 11:26:47	M113613	F	S. Utah
UZARAMO	Uzaramo	"1,6,14,25:"	"z4,z24:-"	               	F	O	          	                              	T	03/10/2014 11:26:47	M113613	F	S. Uzaramo
VEJLE	Vejle	"3,10"	"e,h"	"1,2"	F	E1	          	                              	T	03/10/2014 11:26:47	M113613	F	S. Vejle
VENEZIANA	Veneziana	11	i	"e,n,x"	F	F	          	                              	T	03/10/2014 11:26:47	M113613	F	S. Veneziana
VINOHRADY	Vinohrady	28	"m,t"	"[e,n,z15]"	F	M	          	                              	T	03/10/2014 11:26:48	M113613	F	S. Vinohrady
VIRGINIA	Virginia	8	d	"1,2"	F	C3	          	                              	T	08/07/2019 09:37:28	M109320	F	S.Virginia
VITKIN	Vitkin	28	lv	"e,n,x"	F	          	          	                              	T	03/10/2014 11:26:48	M113613	F	S. Vitkin
VLEUTEN	Vleuten	44	"f,g"	-	F	V	          	                              	T	03/10/2014 11:26:48	M113613	F	S. Vleuten
WAGENIA	Wagenia	"4,12,27"	b	"e,n,z15"	F	B	          	                              	T	03/10/2014 11:26:48	M113613	F	S. Wagenia
WANDSWORTH	Wandsworth	39	b	"1,2"	F	Q	          	                              	T	08/11/2015 10:48:38	M123573	F	S. Wandsworth
WANGATA	Wangata	"1,9,12"	"z4,z23"	"[1,7]"	F	D1	          	                              	T	03/10/2014 11:26:48	M113613	F	S. Wangata
WEDDING	Wedding	28	c	"e,n,z15"	F	M	          	                              	T	10/01/2019 14:10:58	M125992	F	Wedding
WELIKADE	Welikade	16	"l,v"	"1,7"	F	I	          	                              	T	03/10/2014 11:26:48	M113613	F	S. Welikade
WELTEVREDEN	Weltevreden	"3,10"	r	z6	F	E1	          	                              	T	03/10/2014 11:26:48	M113613	F	S. Weltevreden
WERNIGERODE	Wernigerode	"9,46"	"f,g"	-	F	D2	          	                              	T	03/10/2014 11:26:48	M113613	F	S. Wernigerode
WESTHAMPTON	Westhampton	"3,10"	gst	-	F	E1	          	                              	T	03/10/2014 11:26:48	M113613	F	S. Westhampton
WESTON	Weston	16	"e,h"	z6	F	I	          	                              	T	04/13/2017 14:40:06	M109320	F	 
WEYBRIDGE	Weybridge	"3, 10"	d	z6	F	E1	          	                              	T	03/10/2014 11:26:48	M113613	F	S. Weybridge
WIEN	Wien	"1,4,12,27"	b	"l,w"	F	B	          	                              	T	03/10/2014 11:26:48	M113613	F	S. Wien
WINSLOW	Winslow	"13,22"	z	"1,5"	F	G	          	                              	T	03/10/2014 11:26:48	M113613	F	S. Winslow
WINSTON	Winston	"6,7"	"m,t"	"1,6"	F	C	          	                              	T	03/10/2014 11:26:48	M113613	F	S. Winston
WOODINVILLE	Woodinville	11	c	"e,n,x"	F	F	          	                              	T	03/10/2014 11:26:48	M113613	F	S. Woodinville
WORTHINGTON	Worthington	"1,13,23"	z	"l,w"	F	G	          	                              	T	03/10/2014 11:26:48	M113613	F	S. Worthington
YABA	Yaba	"3,10(15)"	b	enz15	F	E	          	                              	T	01/29/2015 12:38:23	M113613	F	S. Yaba
YORUBA	Yoruba	16	c	"l,w"	F	I	          	                              	T	03/10/2014 11:26:48	M113613	F	S. Yoruba
ZANZIBAR	Zanzibar	"3,10"	k	"1,5"	F	E	          	                              	T	12/14/2018 11:34:35	M109320	F	S.Zanzibar
ZEGA	Zega	"9,12"	d	z6	F	D	          	                              	T	03/10/2014 11:26:48	M113613	F	S. Zega
"9,12:-:-"	"9,12:-:-"	"9,12"	-	-	F	D	          	ENTERITIDIS	T	03/10/2014 11:26:47	M113613	F	"9,12:-:-"
ENTERITIDIS	Enteritidis	"1,9,12"	"[f],g,m,[p]"	"[1,7]"	T	D1	TC1362	ENTERITIDIS	T	03/10/2014 11:26:47	M113613	F	S. Enteritidis
"O_ROUGH:G,M:-"	"O Rough:g,m:-"	O Rough	"g,m"	-	F	          	          	ENTERITIDIS	T	03/10/2014 11:26:47	M113613	F	"O Rough:g,m:-"
"6,8:Z10:-"	"6,8:z10:-"	"6,8"	z10	-	F	C2	          	HADAR	T	03/10/2014 11:26:47	M113613	F	"6,8:z10:-"
BRONX	Bronx	"6,8"	C	"1,6"	F	C2	          	HADAR	T	03/10/2014 11:26:47	M113613	F	S. Bronx
HADAR	Hadar	"6,8"	z10	"e,n,x"	F	C2	          	HADAR	T	03/10/2014 11:26:47	M113613	F	S. Hadar
O_ROUGH:Z10:-	O Rough:z10:-	O Rough	z10	               	F	          	          	HADAR	T	10/10/2014 09:58:10	M113613	F	O Rough:z10:-
O_ROUGH:Z10:ENX	O Rough:z10:enx	O Rough	z10	enx	F	          	          	HADAR	T	03/10/2014 11:26:47	M113613	F	O Rough:z10:enx
"O_ROUGH:Y:1,5"	"O Rough:y:1,5"	O Rough	y	"1,5"	F	          	          	O_ROUGH	T	06/04/2014 14:49:10	M125992	F	" O Rough:y:1,5"
"4,12:-:-"	"4,12:-:-"	"4,12"	-	-	F	B	          	TYPHIMURIUM	T	03/10/2014 11:26:47	M113613	F	"4,12:-:-"
"4,12:-:1,2"	"4,12:-:1,2"	"4,12"	-	"1,2"	F	B	          	TYPHIMURIUM	T	03/10/2014 11:26:47	M113613	F	"4,12:-:1,2"
"4,12:I:-"	"4,12:i:-"	"4,12"	i	-	F	B	TC1362	TYPHIMURIUM	T	03/10/2014 11:26:47	M113613	F	"4,12:i:-"
"4,5,12:-:-"	"4,5,12:-:-"	"4,5,12"	-	-	F	B	          	TYPHIMURIUM	T	03/10/2014 11:26:47	M113613	F	"4,5,12:-:-"
"4,5,12:-:1,2"	"4,5,12:-:1,2"	"4,5,12"	-	"1,2"	F	B	TC1362	TYPHIMURIUM	T	03/01/2017 15:43:46	M109320	F	"4,5,12:-:1,2"
"4,5,12:I:-"	"4,5,12:i:-"	"4,5,12"	i	-	F	B	TC1362	TYPHIMURIUM	T	03/10/2014 11:26:47	M113613	F	"4,5,12:i:-"
O_ROUGH:I:-	O Rough:i:-	O Rough	i	-	F	          	          	TYPHIMURIUM	T	03/10/2014 11:26:47	M113613	F	O Rough:i:-
"O_ROUGH:I:1,2"	"O Rough:i:1,2"	O Rough	i	"1,2"	F	          	          	TYPHIMURIUM	T	03/10/2014 11:26:47	M113613	F	"O Rough:i:1,2"
TYPHIMURIUM	Typhimurium	"1,4,[5],12"	i	"1,2"	T	B	TC1362	TYPHIMURIUM	T	03/10/2014 11:26:47	M113613	F	S. Typhimurium
"6,7:-:1,2"	"6,7:-:1,2"	"6,7"	-	"1,2"	F	C1	          	VIRCHOW	T	03/10/2014 11:26:47	M113613	F	"6,7:-:1,2"
"6,7:R:-"	"6,7:r:-"	"6,7"	r	-	F	C1	          	VIRCHOW	T	03/10/2014 11:26:47	M113613	F	"6,7:r:-"
"O_ROUGH:R:1,2"	"O Rough:r:1,2"	O Rough	r	"1,2"	F	          	          	VIRCHOW	T	03/10/2014 11:26:47	M113613	F	"O Rough:r:1,2"
VIRCHOW	Virchow	"6,7"	r	"1,2"	F	C1	          	VIRCHOW	T	03/10/2014 11:26:48	M113613	F	S. Virchow